itemRFID,amt,expirationDate,location
711717302,1772,2024-11-26 11:39:00,Back Room
711717302,613,2021-02-23 00:21:00,Produce
164316802,976,2023-08-12 17:55:00,Back Room
164316802,820,2022-04-04 16:16:00,Aisle 7
59472908,983,2020-11-13 20:36:00,Back Room
59472908,882,2021-09-13 08:27:00,Aisle 1
203926927,479,2025-03-25 19:50:00,Back Room
203926927,455,2022-06-15 10:24:00,Aisle 7
439483604,1071,2021-12-02 20:25:00,Back Room
439483604,428,2021-01-22 03:18:00,Produce
38463262,174,2020-06-01 08:48:00,Back Room
38463262,604,2020-10-24 21:14:00,Aisle 1
330383732,1167,2023-09-24 13:44:00,Back Room
330383732,256,2020-12-07 22:52:00,Aisle 3
321424387,268,2024-06-28 19:11:00,Back Room
321424387,516,2020-04-18 22:55:00,Aisle 9
871041283,521,2022-11-26 10:41:00,Back Room
871041283,956,2020-06-01 07:59:00,Aisle 5
646115879,260,2025-07-17 16:31:00,Back Room
646115879,557,2022-06-20 04:17:00,Aisle 2
340823091,1175,2020-02-24 02:50:00,Back Room
340823091,23,2020-08-16 01:45:00,Produce
330705257,1725,2025-11-28 10:28:00,Back Room
330705257,812,2022-10-04 19:49:00,Aisle 7
263820991,1351,2022-05-24 00:39:00,Back Room
263820991,392,2020-06-26 12:53:00,Aisle 2
54778274,455,2023-08-22 12:49:00,Back Room
54778274,592,2020-11-28 18:59:00,Aisle 9
621590959,149,2025-07-24 07:29:00,Back Room
621590959,326,2020-06-22 10:14:00,Aisle 8
63087892,781,2024-08-07 07:54:00,Back Room
63087892,14,2022-01-05 08:04:00,Aisle 7
488785561,1541,2023-06-22 10:44:00,Back Room
488785561,699,2021-11-02 11:14:00,Aisle 3
731828538,16,2020-07-27 00:13:00,Back Room
731828538,916,2021-08-17 12:33:00,Aisle 2
689340014,259,2022-03-25 01:07:00,Back Room
689340014,866,2022-07-08 04:58:00,Produce
188153911,1862,2025-07-25 21:24:00,Back Room
188153911,988,2021-08-10 11:15:00,Aisle 4
270355969,472,2024-07-09 12:32:00,Back Room
270355969,130,2022-03-29 21:30:00,Aisle 1
709586330,1327,2023-07-15 02:38:00,Back Room
709586330,167,2020-12-04 19:39:00,Aisle 4
460566391,426,2025-08-19 20:44:00,Back Room
460566391,189,2022-08-04 21:34:00,Produce
155778310,1878,2025-11-04 22:28:00,Back Room
155778310,147,2022-06-09 00:15:00,Aisle 4
200241764,165,2025-05-01 07:34:00,Back Room
200241764,983,2020-08-17 10:32:00,Aisle 3
723878972,622,2021-08-06 01:27:00,Back Room
723878972,984,2022-07-18 17:55:00,Produce
35344806,770,2024-02-16 23:04:00,Back Room
35344806,760,2022-06-23 20:24:00,Aisle 5
612701734,1920,2022-02-23 01:14:00,Back Room
612701734,715,2021-09-01 09:38:00,Aisle 3
428137166,1982,2024-02-06 02:08:00,Back Room
428137166,495,2022-05-12 16:14:00,Aisle 9
968360351,412,2022-02-09 07:32:00,Back Room
968360351,331,2020-12-07 02:55:00,Produce
635726255,1897,2023-10-05 04:34:00,Back Room
635726255,734,2020-08-22 00:57:00,Produce
569046454,208,2025-08-30 07:12:00,Back Room
569046454,673,2020-09-30 21:33:00,Aisle 9
251431400,1493,2025-10-15 18:28:00,Back Room
251431400,436,2022-10-03 09:45:00,Aisle 3
665634790,1613,2022-09-21 10:50:00,Back Room
665634790,386,2022-08-01 14:23:00,Aisle 6
101695327,1515,2024-05-14 21:55:00,Back Room
101695327,748,2022-06-21 09:54:00,Aisle 7
171890751,1105,2020-01-17 07:24:00,Back Room
171890751,48,2020-07-03 23:02:00,Aisle 6
615591815,1504,2024-05-12 00:54:00,Back Room
615591815,796,2022-07-15 22:11:00,Produce
409664202,466,2024-09-28 17:56:00,Back Room
409664202,486,2020-07-20 00:25:00,Aisle 2
201971593,1730,2025-01-29 13:24:00,Back Room
201971593,579,2020-03-23 08:03:00,Aisle 3
816144052,601,2022-12-13 01:04:00,Back Room
816144052,214,2020-05-09 08:54:00,Produce
911483301,496,2023-04-20 07:43:00,Back Room
911483301,303,2020-07-10 18:38:00,Aisle 5
288439046,415,2024-03-30 12:09:00,Back Room
288439046,370,2020-07-25 13:23:00,Aisle 5
197239774,1347,2021-12-12 14:04:00,Back Room
197239774,843,2022-09-01 08:44:00,Aisle 5
180607056,486,2025-06-29 12:51:00,Back Room
180607056,873,2022-06-06 09:47:00,Aisle 4
323334584,1492,2025-12-11 16:49:00,Back Room
323334584,226,2022-07-03 23:29:00,Aisle 2
351654594,1171,2024-03-22 09:22:00,Back Room
351654594,597,2022-03-13 01:47:00,Aisle 2
360112662,1842,2023-02-02 01:42:00,Back Room
360112662,94,2020-05-17 04:28:00,Aisle 5
922743746,1338,2021-12-04 15:15:00,Back Room
922743746,24,2020-07-23 18:23:00,Aisle 9
66143621,672,2023-09-22 23:30:00,Back Room
66143621,409,2020-03-29 11:45:00,Produce
783129143,1529,2024-06-03 00:28:00,Back Room
783129143,818,2022-09-30 09:39:00,Aisle 6
648617017,997,2023-12-16 17:14:00,Back Room
648617017,240,2021-10-30 06:38:00,Produce
71968606,389,2023-02-20 21:11:00,Back Room
71968606,886,2021-05-09 07:31:00,Aisle 5
5413277,1869,2021-03-11 16:58:00,Back Room
5413277,517,2020-07-21 09:41:00,Aisle 9
852440306,1303,2023-12-28 17:29:00,Back Room
852440306,835,2021-11-27 13:27:00,Aisle 9
205817289,965,2024-09-01 18:42:00,Back Room
205817289,763,2021-01-02 01:48:00,Aisle 5
352899830,870,2024-11-11 17:23:00,Back Room
352899830,672,2022-01-05 06:00:00,Aisle 1
528974886,961,2024-05-13 11:33:00,Back Room
528974886,708,2020-11-14 13:30:00,Aisle 5
310048474,1395,2021-10-26 11:22:00,Back Room
310048474,647,2020-05-23 02:55:00,Aisle 3
466602708,1484,2025-01-11 07:22:00,Back Room
466602708,100,2022-01-15 09:15:00,Aisle 4
259515462,1587,2025-10-28 10:07:00,Back Room
259515462,49,2022-01-13 17:34:00,Aisle 1
613320835,254,2022-10-17 01:53:00,Back Room
613320835,598,2021-05-22 18:12:00,Aisle 7
694376329,1806,2024-07-30 20:55:00,Back Room
694376329,429,2021-10-11 00:09:00,Produce
240353658,785,2023-05-25 19:38:00,Back Room
240353658,490,2020-01-27 05:03:00,Aisle 2
448978776,236,2020-11-04 13:26:00,Back Room
448978776,732,2022-05-03 13:54:00,Produce
742263957,1150,2023-01-03 17:46:00,Back Room
742263957,816,2021-05-11 03:49:00,Aisle 8
622602094,1398,2022-09-22 16:54:00,Back Room
622602094,618,2021-08-14 19:51:00,Aisle 9
108838787,1364,2022-01-21 19:08:00,Back Room
108838787,851,2021-05-21 19:46:00,Aisle 4
8228892,642,2022-05-20 04:52:00,Back Room
8228892,252,2021-07-08 23:26:00,Aisle 7
719244701,1944,2024-05-15 13:51:00,Back Room
719244701,12,2021-12-12 07:04:00,Produce
633926006,562,2022-08-13 22:35:00,Back Room
633926006,329,2021-02-25 03:40:00,Produce
765511475,673,2025-03-13 06:05:00,Back Room
765511475,740,2020-11-10 08:19:00,Aisle 3
765724116,709,2022-02-16 05:57:00,Back Room
765724116,142,2020-04-24 02:14:00,Aisle 9
30305089,897,2022-06-02 02:52:00,Back Room
30305089,655,2021-06-28 16:07:00,Aisle 6
396594014,1802,2024-12-02 04:36:00,Back Room
396594014,598,2021-02-18 00:05:00,Aisle 1
731405132,165,2023-09-09 08:55:00,Back Room
731405132,161,2020-05-16 22:12:00,Aisle 1
805446594,866,2021-08-08 21:14:00,Back Room
805446594,22,2020-11-02 12:51:00,Aisle 7
17183240,1684,2024-03-13 19:06:00,Back Room
17183240,774,2020-12-14 22:58:00,Aisle 1
555949433,870,2021-07-27 23:42:00,Back Room
555949433,708,2022-03-01 13:16:00,Aisle 8
362536886,1933,2020-08-23 13:52:00,Back Room
362536886,777,2022-06-08 05:46:00,Produce
256974581,390,2022-05-08 16:57:00,Back Room
256974581,63,2021-06-28 19:55:00,Aisle 2
927735013,457,2025-07-07 17:21:00,Back Room
927735013,406,2022-03-18 05:20:00,Aisle 9
832804383,799,2025-12-04 00:15:00,Back Room
832804383,650,2020-08-27 02:39:00,Aisle 7
917294945,1532,2020-01-18 23:25:00,Back Room
917294945,843,2021-03-15 14:39:00,Aisle 2
640139223,783,2021-01-17 03:05:00,Back Room
640139223,999,2022-07-03 02:30:00,Produce
301315162,1674,2021-12-07 18:35:00,Back Room
301315162,423,2022-04-29 22:36:00,Aisle 8
358272328,124,2024-05-15 05:09:00,Back Room
358272328,918,2021-05-08 08:32:00,Aisle 9
336293727,1921,2021-05-20 16:13:00,Back Room
336293727,800,2021-02-05 23:19:00,Aisle 4
496600349,1451,2024-08-05 01:02:00,Back Room
496600349,545,2020-01-18 05:31:00,Aisle 4
47445203,1162,2025-10-04 05:51:00,Back Room
47445203,573,2020-06-19 17:10:00,Produce
109076830,1607,2020-04-27 07:19:00,Back Room
109076830,14,2020-03-27 16:01:00,Aisle 5
829030411,561,2025-06-18 10:44:00,Back Room
829030411,463,2021-06-13 20:48:00,Aisle 6
25113618,1484,2021-03-21 14:44:00,Back Room
25113618,966,2020-10-07 21:13:00,Aisle 1
476563512,596,2023-12-08 17:56:00,Back Room
476563512,415,2021-01-27 16:56:00,Aisle 4
320507035,1209,2021-08-24 18:38:00,Back Room
320507035,284,2022-02-28 19:54:00,Aisle 2
326911583,443,2025-05-21 06:25:00,Back Room
326911583,569,2022-07-04 17:49:00,Produce
232175198,1062,2023-06-06 18:38:00,Back Room
232175198,739,2020-07-16 09:44:00,Aisle 1
9506056,407,2024-01-30 11:47:00,Back Room
9506056,671,2020-07-18 06:07:00,Aisle 8
406099801,859,2023-08-28 05:10:00,Back Room
406099801,669,2022-01-13 22:19:00,Aisle 2
940868737,585,2023-01-09 09:53:00,Back Room
940868737,742,2020-08-01 03:12:00,Aisle 2
95002189,1091,2025-05-25 05:10:00,Back Room
95002189,364,2020-08-02 21:16:00,Aisle 6
363228794,1846,2020-01-20 16:02:00,Back Room
363228794,199,2020-02-14 22:31:00,Aisle 1
614308525,1112,2020-10-11 08:51:00,Back Room
614308525,630,2020-09-29 12:07:00,Aisle 3
701585620,1447,2022-03-02 08:14:00,Back Room
701585620,59,2021-09-16 22:13:00,Aisle 5
800149550,484,2023-04-10 17:19:00,Back Room
800149550,689,2020-05-20 18:34:00,Aisle 7
530216302,411,2023-02-17 08:42:00,Back Room
530216302,239,2021-02-12 07:27:00,Aisle 6
515224292,52,2020-03-17 08:50:00,Back Room
515224292,774,2021-08-09 04:32:00,Aisle 5
146652204,1300,2025-01-27 10:37:00,Back Room
146652204,340,2022-08-19 03:03:00,Aisle 2
447009388,576,2021-10-12 12:11:00,Back Room
447009388,919,2020-11-03 11:35:00,Aisle 9
242707839,1341,2022-05-27 05:35:00,Back Room
242707839,450,2022-07-24 00:03:00,Aisle 9
151922750,307,2020-04-24 15:49:00,Back Room
151922750,770,2020-02-22 11:48:00,Produce
680714459,1706,2025-02-28 07:01:00,Back Room
680714459,828,2021-04-12 09:44:00,Produce
516643104,13,2020-03-17 02:26:00,Back Room
516643104,187,2021-02-06 18:58:00,Aisle 6
954912883,18,2021-12-08 16:35:00,Back Room
954912883,388,2020-10-03 16:31:00,Produce
351751576,367,2022-10-30 20:02:00,Back Room
351751576,709,2020-08-16 11:35:00,Aisle 6
330943110,555,2020-05-25 10:04:00,Back Room
330943110,875,2020-04-17 22:06:00,Produce
58859855,265,2023-02-01 17:11:00,Back Room
58859855,277,2022-05-30 06:00:00,Aisle 6
730695574,308,2022-07-02 11:15:00,Back Room
730695574,462,2021-11-19 06:31:00,Aisle 7
129067344,953,2023-03-18 22:45:00,Back Room
129067344,82,2022-08-28 14:23:00,Aisle 6
813269975,21,2023-04-02 05:11:00,Back Room
813269975,39,2022-03-23 05:51:00,Produce
680911981,1196,2021-06-09 10:56:00,Back Room
680911981,435,2020-03-14 04:25:00,Aisle 1
881876923,1876,2024-03-29 05:31:00,Back Room
881876923,246,2022-03-03 22:31:00,Aisle 5
115286675,425,2023-07-18 13:29:00,Back Room
115286675,278,2021-05-25 02:42:00,Aisle 3
467658061,214,2023-11-07 11:24:00,Back Room
467658061,373,2022-05-22 05:46:00,Aisle 8
482325759,484,2024-08-21 11:15:00,Back Room
482325759,104,2022-03-12 15:44:00,Aisle 2
525789589,1943,2022-07-03 13:20:00,Back Room
525789589,414,2021-01-27 12:21:00,Aisle 1
598332412,837,2020-07-23 14:23:00,Back Room
598332412,412,2022-06-19 11:38:00,Aisle 4
19494159,1034,2020-03-07 06:05:00,Back Room
19494159,401,2021-06-21 06:00:00,Aisle 8
485519068,694,2024-05-19 21:45:00,Back Room
485519068,908,2022-09-11 10:40:00,Aisle 1
706126584,487,2020-03-14 11:14:00,Back Room
706126584,472,2021-12-02 02:33:00,Aisle 6
979660318,1744,2023-01-31 16:03:00,Back Room
979660318,828,2021-10-22 04:41:00,Aisle 4
922851260,176,2025-06-09 17:19:00,Back Room
922851260,662,2020-12-15 17:53:00,Aisle 8
647833729,73,2024-08-13 08:43:00,Back Room
647833729,607,2020-07-04 16:16:00,Aisle 6
864412304,1921,2025-05-25 09:03:00,Back Room
864412304,901,2020-06-29 09:53:00,Aisle 3
33664222,558,2024-07-18 09:00:00,Back Room
33664222,318,2021-12-04 23:29:00,Aisle 4
386045271,1862,2020-09-01 08:01:00,Back Room
386045271,896,2021-08-13 20:48:00,Aisle 3
864115122,479,2023-07-31 06:39:00,Back Room
864115122,820,2021-07-02 03:02:00,Aisle 6
991207932,846,2023-02-22 03:57:00,Back Room
991207932,807,2022-12-21 06:36:00,Produce
347933808,9,2022-08-29 21:14:00,Back Room
347933808,433,2020-12-12 14:45:00,Aisle 6
274152231,1039,2025-06-28 19:21:00,Back Room
274152231,869,2022-12-29 13:53:00,Aisle 7
672726557,449,2025-05-06 13:38:00,Back Room
672726557,941,2020-06-03 11:47:00,Aisle 2
142179552,557,2020-06-16 10:57:00,Back Room
142179552,576,2022-07-28 08:55:00,Aisle 4
958296501,1125,2023-09-14 01:22:00,Back Room
958296501,321,2020-01-24 12:49:00,Aisle 6
161672144,65,2020-10-29 15:35:00,Back Room
161672144,76,2021-07-31 05:26:00,Produce
806309640,1216,2025-06-28 15:48:00,Back Room
806309640,758,2022-04-17 22:22:00,Produce
775264721,240,2021-08-14 21:39:00,Back Room
775264721,340,2021-11-14 01:39:00,Aisle 5
963486123,338,2021-01-12 09:00:00,Back Room
963486123,206,2022-12-26 10:33:00,Aisle 5
342118989,789,2023-03-25 23:34:00,Back Room
342118989,715,2022-05-24 13:52:00,Aisle 8
862198753,1020,2022-06-19 22:27:00,Back Room
862198753,799,2022-08-24 14:20:00,Aisle 3
80338060,76,2023-10-22 06:03:00,Back Room
80338060,154,2022-02-12 22:39:00,Aisle 9
95165662,1564,2025-03-18 16:18:00,Back Room
95165662,781,2021-11-03 12:25:00,Produce
402316076,879,2023-10-23 22:34:00,Back Room
402316076,480,2020-10-03 03:18:00,Aisle 3
362663697,1222,2022-10-04 22:25:00,Back Room
362663697,465,2022-12-26 06:01:00,Produce
183612121,1253,2020-08-12 19:50:00,Back Room
183612121,612,2021-05-25 02:41:00,Produce
920378909,563,2025-08-01 22:02:00,Back Room
920378909,344,2022-09-24 12:46:00,Aisle 3
848556590,20,2024-03-10 08:04:00,Back Room
848556590,515,2022-10-23 23:25:00,Aisle 4
136692880,76,2023-09-26 14:39:00,Back Room
136692880,689,2021-11-16 14:16:00,Produce
619017754,1378,2025-11-01 06:31:00,Back Room
619017754,419,2021-01-18 01:05:00,Aisle 2
953536759,296,2025-04-14 10:43:00,Back Room
953536759,515,2020-05-11 04:26:00,Aisle 5
433841233,1218,2022-06-29 05:51:00,Back Room
433841233,975,2020-03-01 18:17:00,Aisle 9
248188750,427,2022-02-15 02:20:00,Back Room
248188750,751,2020-09-11 00:22:00,Produce
733550597,1557,2022-01-25 22:29:00,Back Room
733550597,724,2020-05-06 05:00:00,Aisle 7
771606592,478,2024-03-31 21:18:00,Back Room
771606592,852,2022-10-30 11:10:00,Produce
148677230,1561,2025-04-19 17:47:00,Back Room
148677230,489,2022-07-13 14:23:00,Produce
930951918,1483,2025-03-22 07:57:00,Back Room
930951918,992,2022-01-16 12:49:00,Aisle 2
323474478,1835,2024-05-14 05:54:00,Back Room
323474478,659,2022-12-22 12:46:00,Aisle 5
451541661,132,2023-01-26 14:03:00,Back Room
451541661,517,2021-04-11 09:33:00,Aisle 6
407932427,587,2022-05-20 22:07:00,Back Room
407932427,29,2020-08-16 00:34:00,Aisle 8
931749798,191,2023-08-18 18:16:00,Back Room
931749798,337,2021-01-20 16:01:00,Aisle 7
153130745,392,2023-01-18 05:56:00,Back Room
153130745,145,2020-02-17 19:10:00,Produce
344242376,1260,2023-06-07 18:30:00,Back Room
344242376,798,2021-11-01 19:48:00,Aisle 1
827348067,1821,2025-02-06 21:23:00,Back Room
827348067,771,2022-03-13 19:44:00,Produce
208093383,894,2023-10-30 14:48:00,Back Room
208093383,591,2021-05-04 00:44:00,Aisle 3
349117946,835,2021-09-25 22:57:00,Back Room
349117946,64,2022-06-27 05:03:00,Aisle 6
246307324,292,2023-01-20 11:45:00,Back Room
246307324,783,2021-01-28 20:38:00,Aisle 9
735667349,1351,2021-06-21 17:41:00,Back Room
735667349,83,2022-05-21 13:48:00,Aisle 2
341522136,1746,2021-04-11 01:52:00,Back Room
341522136,851,2020-01-11 07:10:00,Produce
459518415,543,2024-02-12 03:49:00,Back Room
459518415,573,2021-05-29 16:46:00,Aisle 6
53038426,1943,2023-06-27 09:11:00,Back Room
53038426,470,2021-12-21 09:12:00,Produce
368015178,780,2023-10-21 19:28:00,Back Room
368015178,815,2021-02-03 18:27:00,Aisle 4
430873229,1148,2020-03-14 01:36:00,Back Room
430873229,275,2022-01-28 07:48:00,Aisle 3
287809368,244,2023-05-26 08:30:00,Back Room
287809368,265,2021-04-29 06:34:00,Aisle 5
786789522,443,2021-06-22 16:45:00,Back Room
786789522,508,2022-12-18 15:05:00,Aisle 3
756108283,1330,2020-11-08 20:16:00,Back Room
756108283,407,2022-09-14 02:20:00,Aisle 6
159208173,583,2024-03-14 21:42:00,Back Room
159208173,25,2020-02-15 23:12:00,Produce
13332219,1158,2022-07-29 15:25:00,Back Room
13332219,887,2020-12-16 04:54:00,Aisle 1
685603994,1893,2025-03-21 17:33:00,Back Room
685603994,195,2021-11-13 11:57:00,Aisle 9
23447528,1576,2020-11-03 05:01:00,Back Room
23447528,566,2022-03-29 10:00:00,Aisle 7
274641212,18,2022-02-18 17:16:00,Back Room
274641212,368,2020-02-16 07:32:00,Produce
125152725,1930,2023-10-22 03:59:00,Back Room
125152725,292,2022-02-16 12:24:00,Aisle 7
835247767,252,2023-07-25 17:50:00,Back Room
835247767,708,2022-11-11 00:31:00,Produce
346603143,1816,2025-07-05 12:13:00,Back Room
346603143,123,2021-01-29 16:21:00,Aisle 2
2877698,1879,2020-10-14 13:25:00,Back Room
2877698,349,2022-05-14 06:00:00,Aisle 5
462692418,1234,2020-03-30 14:52:00,Back Room
462692418,666,2020-09-29 10:10:00,Aisle 9
423674253,343,2023-03-30 12:25:00,Back Room
423674253,767,2021-11-21 07:22:00,Aisle 1
990566324,1000,2020-01-01 10:21:00,Back Room
990566324,297,2021-01-25 14:21:00,Aisle 1
874984278,513,2021-08-03 21:59:00,Back Room
874984278,433,2020-01-27 00:33:00,Aisle 8
909623884,1516,2025-10-14 16:54:00,Back Room
909623884,971,2020-05-23 02:48:00,Aisle 3
341726984,25,2021-08-06 13:04:00,Back Room
341726984,684,2020-01-12 17:52:00,Aisle 8
324543680,1233,2024-11-09 03:20:00,Back Room
324543680,334,2022-08-04 20:28:00,Aisle 3
538175953,1156,2025-06-20 01:22:00,Back Room
538175953,976,2022-02-25 20:16:00,Aisle 5
827267251,598,2020-12-03 12:07:00,Back Room
827267251,978,2021-01-12 21:18:00,Aisle 7
535071295,993,2020-03-27 10:42:00,Back Room
535071295,562,2022-03-19 10:58:00,Produce
932913758,1051,2024-09-13 23:51:00,Back Room
932913758,736,2022-09-11 12:42:00,Produce
702133117,1301,2024-12-26 04:57:00,Back Room
702133117,272,2022-03-18 04:51:00,Aisle 2
860321083,1336,2024-07-18 13:33:00,Back Room
860321083,619,2020-12-10 19:05:00,Aisle 4
214626839,278,2022-03-28 17:47:00,Back Room
214626839,501,2020-03-22 15:55:00,Aisle 2
911984125,1848,2020-08-23 07:40:00,Back Room
911984125,178,2020-04-11 04:48:00,Produce
196304164,1284,2022-10-02 14:51:00,Back Room
196304164,247,2022-12-24 00:10:00,Aisle 8
714960067,1823,2025-05-06 21:43:00,Back Room
714960067,440,2022-04-25 20:55:00,Produce
231083422,765,2024-06-06 01:24:00,Back Room
231083422,259,2022-07-04 06:30:00,Aisle 2
347544610,372,2024-01-07 16:18:00,Back Room
347544610,874,2022-10-14 01:02:00,Aisle 7
277746745,899,2024-07-14 02:01:00,Back Room
277746745,717,2022-01-07 08:48:00,Aisle 3
912513803,1459,2023-07-15 22:57:00,Back Room
912513803,408,2021-02-26 17:45:00,Aisle 7
268943555,1205,2024-04-15 05:43:00,Back Room
268943555,78,2022-03-10 14:42:00,Produce
281140588,193,2021-11-03 00:43:00,Back Room
281140588,665,2021-03-08 19:04:00,Aisle 6
637099506,1893,2023-05-29 17:02:00,Back Room
637099506,214,2020-12-10 01:11:00,Aisle 3
184903568,197,2025-11-02 08:37:00,Back Room
184903568,732,2021-12-22 17:36:00,Aisle 3
999752308,1955,2020-03-10 02:44:00,Back Room
999752308,215,2020-11-28 05:25:00,Aisle 7
178452835,1774,2024-12-06 01:07:00,Back Room
178452835,623,2021-05-30 04:24:00,Aisle 1
572376286,1581,2023-04-14 15:37:00,Back Room
572376286,602,2022-01-24 01:27:00,Aisle 7
368107839,987,2021-05-11 13:06:00,Back Room
368107839,681,2021-08-05 16:03:00,Aisle 5
563651574,450,2020-10-01 01:23:00,Back Room
563651574,176,2022-02-09 23:14:00,Aisle 2
99778183,442,2025-02-25 20:03:00,Back Room
99778183,815,2022-12-27 17:21:00,Produce
564587006,836,2020-08-24 11:08:00,Back Room
564587006,262,2022-09-07 15:24:00,Aisle 1
9132548,1933,2022-01-25 07:44:00,Back Room
9132548,335,2021-06-29 08:20:00,Aisle 6
732283841,481,2022-11-10 08:46:00,Back Room
732283841,252,2020-05-24 09:38:00,Aisle 1
397774256,378,2023-09-15 21:50:00,Back Room
397774256,667,2020-08-14 22:46:00,Aisle 6
164034437,1166,2025-11-03 06:14:00,Back Room
164034437,297,2021-06-02 16:50:00,Aisle 3
508299555,982,2021-02-04 03:02:00,Back Room
508299555,141,2020-02-02 02:30:00,Aisle 4
375140510,924,2022-07-12 00:48:00,Back Room
375140510,457,2022-07-31 01:44:00,Produce
864304776,833,2020-09-12 16:39:00,Back Room
864304776,503,2022-10-14 19:16:00,Aisle 2
675946470,226,2022-01-25 13:46:00,Back Room
675946470,458,2022-06-13 16:29:00,Aisle 3
654549714,1131,2025-01-12 10:36:00,Back Room
654549714,254,2022-02-09 00:15:00,Aisle 7
819131889,376,2025-08-12 12:10:00,Back Room
819131889,879,2021-08-02 10:08:00,Produce
785038818,1938,2023-12-06 06:33:00,Back Room
785038818,460,2022-04-13 21:51:00,Aisle 9
439317965,1832,2025-04-16 02:00:00,Back Room
439317965,812,2022-10-31 15:53:00,Aisle 7
637074090,978,2025-12-27 10:35:00,Back Room
637074090,860,2021-01-07 15:38:00,Aisle 1
339950320,852,2020-07-11 21:41:00,Back Room
339950320,280,2022-10-06 17:40:00,Aisle 1
512145408,1524,2022-01-19 03:25:00,Back Room
512145408,568,2022-09-12 13:15:00,Produce
827994668,335,2023-06-15 02:52:00,Back Room
827994668,637,2021-06-23 13:21:00,Aisle 3
660122896,1495,2024-01-26 21:34:00,Back Room
660122896,81,2021-06-24 14:48:00,Aisle 1
172410491,860,2023-09-17 10:45:00,Back Room
172410491,111,2020-10-07 14:02:00,Aisle 5
824946029,1895,2021-03-14 14:56:00,Back Room
824946029,108,2020-02-25 15:17:00,Aisle 9
102646471,296,2024-10-09 13:42:00,Back Room
102646471,598,2021-09-04 15:40:00,Aisle 4
936717665,968,2020-06-12 07:26:00,Back Room
936717665,734,2021-03-25 10:38:00,Produce
330377913,1070,2022-08-24 08:31:00,Back Room
330377913,615,2022-08-25 02:26:00,Aisle 5
562903250,190,2021-01-21 12:54:00,Back Room
562903250,750,2020-11-02 19:53:00,Aisle 6
751430913,344,2020-10-01 13:12:00,Back Room
751430913,575,2020-03-07 05:12:00,Aisle 4
213193780,1656,2023-09-28 17:02:00,Back Room
213193780,204,2020-05-25 22:37:00,Produce
842587682,177,2025-07-07 06:20:00,Back Room
842587682,84,2021-04-18 12:23:00,Produce
491782533,998,2020-10-09 23:43:00,Back Room
491782533,921,2022-07-07 01:36:00,Aisle 7
68026933,1529,2023-01-09 13:59:00,Back Room
68026933,545,2021-05-08 06:25:00,Produce
931601501,831,2025-04-09 11:48:00,Back Room
931601501,796,2021-12-08 11:34:00,Aisle 2
947287376,300,2025-11-15 12:57:00,Back Room
947287376,440,2020-05-20 10:30:00,Aisle 4
619523361,1254,2020-02-05 19:20:00,Back Room
619523361,12,2021-05-27 03:40:00,Aisle 5
737980829,1354,2024-07-20 01:35:00,Back Room
737980829,889,2020-07-23 09:01:00,Produce
309397326,610,2024-02-18 03:41:00,Back Room
309397326,999,2022-03-28 14:31:00,Aisle 2
239792245,597,2025-03-28 17:12:00,Back Room
239792245,167,2022-08-02 01:02:00,Aisle 1
3346793,1742,2023-02-13 14:37:00,Back Room
3346793,314,2021-05-16 14:11:00,Aisle 9
104399341,63,2022-08-04 11:46:00,Back Room
104399341,207,2021-04-19 23:40:00,Aisle 3
713355129,164,2025-04-11 19:26:00,Back Room
713355129,841,2020-09-12 11:45:00,Aisle 5
122336801,1729,2021-12-03 04:09:00,Back Room
122336801,158,2020-09-30 00:48:00,Aisle 4
340573984,1493,2022-03-22 19:35:00,Back Room
340573984,154,2021-04-10 11:49:00,Aisle 7
551951501,14,2022-05-21 10:59:00,Back Room
551951501,241,2020-07-20 23:34:00,Aisle 8
147396071,305,2022-07-12 12:00:00,Back Room
147396071,832,2020-05-09 01:04:00,Produce
483399251,940,2022-05-08 22:55:00,Back Room
483399251,107,2021-04-14 03:17:00,Produce
269746023,1073,2023-10-09 10:46:00,Back Room
269746023,537,2020-05-18 12:42:00,Aisle 6
779127678,763,2021-01-11 21:58:00,Back Room
779127678,251,2021-09-04 04:11:00,Produce
470371773,1235,2021-12-15 00:33:00,Back Room
470371773,644,2020-02-02 01:54:00,Aisle 1
585591143,1401,2020-12-08 05:04:00,Back Room
585591143,839,2020-06-22 17:20:00,Aisle 3
32588322,1327,2020-05-07 19:04:00,Back Room
32588322,784,2021-09-03 03:19:00,Aisle 1
615671708,60,2021-01-05 14:40:00,Back Room
615671708,619,2021-12-09 18:06:00,Aisle 2
977043708,1968,2025-07-30 18:20:00,Back Room
977043708,12,2022-09-23 19:54:00,Aisle 5
643314723,130,2021-10-20 00:50:00,Back Room
643314723,680,2020-06-07 14:35:00,Aisle 5
535043591,144,2024-03-17 10:57:00,Back Room
535043591,96,2021-03-08 01:57:00,Aisle 8
286511854,1488,2022-02-06 21:34:00,Back Room
286511854,653,2022-08-23 04:06:00,Aisle 1
719739433,1424,2022-09-10 16:48:00,Back Room
719739433,256,2020-05-05 03:42:00,Aisle 6
676935236,1424,2022-12-08 15:31:00,Back Room
676935236,939,2021-08-06 10:09:00,Produce
860171151,1255,2021-05-16 04:36:00,Back Room
860171151,335,2022-09-09 23:50:00,Produce
23132678,1616,2024-08-07 19:40:00,Back Room
23132678,691,2021-09-04 03:15:00,Aisle 1
72645834,601,2021-04-09 12:37:00,Back Room
72645834,829,2021-10-17 19:44:00,Produce
659625070,584,2022-10-28 10:32:00,Back Room
659625070,655,2021-06-05 08:48:00,Aisle 3
723408155,654,2023-02-12 04:07:00,Back Room
723408155,610,2021-12-10 17:32:00,Produce
52748089,123,2022-11-24 02:22:00,Back Room
52748089,763,2022-06-09 03:10:00,Aisle 8
53699978,660,2023-03-02 21:33:00,Back Room
53699978,889,2021-03-02 19:49:00,Aisle 5
417912420,1006,2024-08-10 11:28:00,Back Room
417912420,886,2021-02-19 18:28:00,Aisle 6
124841699,865,2021-04-19 01:22:00,Back Room
124841699,53,2022-02-28 21:30:00,Aisle 5
564002520,1677,2025-09-18 10:12:00,Back Room
564002520,287,2021-09-25 05:08:00,Aisle 3
182714871,1812,2025-10-26 12:19:00,Back Room
182714871,773,2020-04-02 23:45:00,Aisle 1
914059638,15,2020-05-25 05:11:00,Back Room
914059638,365,2021-10-23 06:36:00,Aisle 9
441397860,1787,2020-01-10 19:09:00,Back Room
441397860,398,2022-02-12 18:06:00,Produce
525639171,1411,2022-07-20 16:47:00,Back Room
525639171,617,2020-07-07 10:47:00,Aisle 4
413103360,589,2020-02-19 03:50:00,Back Room
413103360,805,2022-04-15 03:16:00,Aisle 4
188102317,180,2021-12-22 18:15:00,Back Room
188102317,112,2020-02-07 11:21:00,Aisle 7
419410680,223,2024-07-06 17:15:00,Back Room
419410680,478,2020-10-31 10:31:00,Aisle 6
925405854,1944,2024-02-11 18:27:00,Back Room
925405854,762,2022-11-05 12:32:00,Aisle 8
16457884,1333,2021-05-19 11:33:00,Back Room
16457884,223,2021-02-20 16:32:00,Aisle 7
340286889,1094,2020-09-23 00:22:00,Back Room
340286889,282,2022-06-10 11:19:00,Aisle 3
327580566,1809,2023-03-08 04:55:00,Back Room
327580566,73,2020-06-26 17:40:00,Aisle 4
804869980,1525,2025-08-02 23:24:00,Back Room
804869980,834,2021-12-31 21:25:00,Aisle 8
38453157,499,2020-06-08 22:38:00,Back Room
38453157,222,2022-08-23 08:03:00,Aisle 5
703709282,17,2021-10-30 17:42:00,Back Room
703709282,272,2021-08-01 00:02:00,Produce
48537787,340,2022-12-10 16:50:00,Back Room
48537787,208,2021-02-01 05:41:00,Aisle 4
828710759,1880,2021-01-28 01:08:00,Back Room
828710759,456,2022-07-12 06:47:00,Aisle 3
130397658,870,2020-06-13 03:19:00,Back Room
130397658,320,2021-07-11 06:36:00,Aisle 8
945853678,355,2025-05-03 03:33:00,Back Room
945853678,891,2022-05-29 12:10:00,Aisle 4
171628527,381,2024-04-03 04:03:00,Back Room
171628527,685,2020-08-04 05:06:00,Aisle 7
294135576,326,2021-11-14 19:42:00,Back Room
294135576,846,2021-03-23 08:32:00,Aisle 4
995582899,107,2023-07-11 17:02:00,Back Room
995582899,197,2022-12-21 02:53:00,Produce
580692577,1745,2025-01-06 03:32:00,Back Room
580692577,568,2021-01-06 01:24:00,Produce
502808098,1159,2020-07-27 20:26:00,Back Room
502808098,273,2020-05-03 20:47:00,Produce
947858088,1257,2023-03-11 01:10:00,Back Room
947858088,678,2020-08-25 13:43:00,Aisle 3
986799967,793,2023-02-26 15:38:00,Back Room
986799967,137,2021-11-08 15:11:00,Aisle 5
60558626,1043,2023-03-18 00:30:00,Back Room
60558626,496,2020-12-16 09:01:00,Aisle 3
496553623,190,2022-11-02 10:27:00,Back Room
496553623,67,2020-05-28 13:49:00,Aisle 9
469054301,1760,2025-11-08 20:57:00,Back Room
469054301,432,2021-02-27 17:44:00,Aisle 4
441188409,486,2020-04-09 20:38:00,Back Room
441188409,341,2020-01-15 20:28:00,Aisle 7
343236953,402,2021-11-11 08:58:00,Back Room
343236953,514,2022-08-02 16:24:00,Aisle 6
500921612,1328,2024-01-21 21:25:00,Back Room
500921612,952,2021-08-26 10:37:00,Aisle 3
681113954,779,2020-10-15 04:27:00,Back Room
681113954,68,2021-07-09 23:11:00,Aisle 2
336683104,1496,2024-12-27 12:59:00,Back Room
336683104,912,2021-08-12 12:33:00,Aisle 4
179347636,1714,2024-05-26 10:44:00,Back Room
179347636,108,2022-06-29 12:30:00,Aisle 4
912870886,1616,2025-02-05 22:57:00,Back Room
912870886,602,2022-05-30 11:02:00,Aisle 3
721799610,998,2025-08-23 02:23:00,Back Room
721799610,160,2022-03-31 20:19:00,Aisle 8
719383991,75,2022-03-18 18:13:00,Back Room
719383991,830,2022-03-25 14:12:00,Aisle 7
586625881,158,2020-08-24 02:07:00,Back Room
586625881,994,2022-12-10 16:32:00,Aisle 8
570096895,763,2022-11-14 02:14:00,Back Room
570096895,457,2022-12-15 15:40:00,Aisle 5
87273062,1326,2021-03-16 20:23:00,Back Room
87273062,712,2022-04-12 23:59:00,Produce
131392505,1411,2023-08-31 06:22:00,Back Room
131392505,786,2020-12-11 10:09:00,Aisle 9
414145821,1631,2020-04-14 12:26:00,Back Room
414145821,211,2021-01-14 10:29:00,Aisle 8
206109982,1161,2024-04-22 00:02:00,Back Room
206109982,289,2022-04-07 16:58:00,Aisle 1
298225088,1638,2022-03-15 05:56:00,Back Room
298225088,861,2021-01-07 08:00:00,Aisle 2
594227947,679,2024-04-04 01:58:00,Back Room
594227947,42,2022-06-27 09:46:00,Aisle 1
439539162,438,2025-04-07 03:38:00,Back Room
439539162,475,2022-09-05 13:09:00,Aisle 5
607971635,208,2021-12-08 13:28:00,Back Room
607971635,924,2022-11-20 15:11:00,Produce
519719903,652,2023-11-05 16:04:00,Back Room
519719903,271,2021-04-30 12:30:00,Aisle 4
586306109,177,2022-05-22 22:48:00,Back Room
586306109,285,2022-05-26 22:30:00,Aisle 6
194928392,55,2024-12-03 17:23:00,Back Room
194928392,897,2020-05-15 08:37:00,Aisle 9
336040249,1870,2021-07-06 18:36:00,Back Room
336040249,881,2021-12-28 02:27:00,Aisle 4
347959001,728,2021-02-28 10:44:00,Back Room
347959001,495,2021-04-08 02:09:00,Aisle 2
378664840,446,2022-05-14 06:12:00,Back Room
378664840,249,2021-05-14 19:21:00,Aisle 5
616095273,1645,2025-03-22 05:01:00,Back Room
616095273,651,2020-11-18 08:01:00,Aisle 5
480401176,217,2023-02-09 20:32:00,Back Room
480401176,60,2022-03-10 10:40:00,Aisle 5
528832645,1847,2021-12-14 18:05:00,Back Room
528832645,322,2020-10-13 23:15:00,Aisle 1
614323195,327,2021-04-25 10:55:00,Back Room
614323195,733,2020-03-09 22:13:00,Aisle 4
835971317,1588,2023-10-25 18:32:00,Back Room
835971317,32,2020-11-29 17:51:00,Aisle 7
633933181,1184,2023-03-18 01:54:00,Back Room
633933181,552,2020-11-22 17:19:00,Aisle 3
243414992,1917,2021-01-29 09:31:00,Back Room
243414992,151,2022-10-19 23:26:00,Aisle 4
163582921,1654,2023-04-26 17:28:00,Back Room
163582921,748,2020-06-13 09:34:00,Produce
637864770,791,2023-09-20 13:21:00,Back Room
637864770,285,2022-08-14 10:02:00,Aisle 4
174269080,492,2024-02-10 20:27:00,Back Room
174269080,392,2022-02-05 02:30:00,Aisle 1
279201483,800,2025-04-13 13:34:00,Back Room
279201483,604,2020-04-28 12:45:00,Aisle 1
614844204,766,2025-12-26 09:20:00,Back Room
614844204,616,2021-12-24 16:41:00,Aisle 1
865083617,733,2023-04-27 19:55:00,Back Room
865083617,432,2022-12-02 02:23:00,Produce
605022815,1584,2020-05-15 09:34:00,Back Room
605022815,638,2021-07-31 02:30:00,Aisle 3
722476324,1083,2022-04-03 14:12:00,Back Room
722476324,549,2020-08-03 09:29:00,Aisle 1
233970842,1026,2022-10-10 11:58:00,Back Room
233970842,569,2022-01-22 03:57:00,Aisle 5
475739899,1084,2024-01-16 13:59:00,Back Room
475739899,586,2020-05-31 19:03:00,Aisle 5
78050788,1100,2022-11-30 06:59:00,Back Room
78050788,290,2020-05-20 12:41:00,Aisle 8
342875858,1398,2020-06-26 20:36:00,Back Room
342875858,825,2020-12-13 16:51:00,Aisle 3
936935804,1756,2025-01-25 15:30:00,Back Room
936935804,348,2021-11-13 16:08:00,Aisle 9
132517178,947,2023-05-08 06:57:00,Back Room
132517178,306,2021-01-20 10:29:00,Aisle 8
273908740,1702,2023-03-19 15:56:00,Back Room
273908740,401,2021-12-27 07:22:00,Aisle 9
225237271,1660,2020-02-29 09:37:00,Back Room
225237271,278,2021-02-15 14:26:00,Aisle 4
427370435,1695,2022-08-19 22:38:00,Back Room
427370435,619,2021-06-08 15:24:00,Produce
517363208,943,2021-03-05 11:59:00,Back Room
517363208,497,2021-12-09 04:12:00,Aisle 8
870893923,1874,2021-08-22 08:31:00,Back Room
870893923,669,2022-08-14 00:55:00,Aisle 2
392477381,185,2023-09-28 05:10:00,Back Room
392477381,995,2020-03-02 09:43:00,Aisle 9
925475536,466,2025-10-22 14:35:00,Back Room
925475536,55,2021-04-10 21:01:00,Aisle 8
867874951,1361,2023-08-05 06:14:00,Back Room
867874951,168,2021-10-09 23:22:00,Aisle 8
589703338,1986,2022-05-04 06:52:00,Back Room
589703338,399,2020-09-03 00:11:00,Produce
971582510,890,2024-01-09 17:25:00,Back Room
971582510,460,2020-01-12 17:42:00,Produce
426565360,1195,2023-12-14 22:51:00,Back Room
426565360,958,2020-02-13 10:12:00,Aisle 8
447792766,1348,2020-01-23 09:46:00,Back Room
447792766,938,2022-12-23 01:39:00,Aisle 4
659220441,1471,2024-02-22 11:59:00,Back Room
659220441,917,2020-12-14 02:12:00,Aisle 7
371670088,1193,2025-03-22 22:49:00,Back Room
371670088,227,2020-09-21 09:43:00,Produce
608264384,1221,2022-06-04 07:16:00,Back Room
608264384,341,2021-04-26 14:37:00,Aisle 6
913400633,847,2021-05-12 09:15:00,Back Room
913400633,659,2020-09-14 02:30:00,Aisle 1
528568720,1234,2023-06-07 07:47:00,Back Room
528568720,955,2022-07-09 16:59:00,Aisle 2
719215852,1250,2022-07-12 04:54:00,Back Room
719215852,254,2021-03-18 20:49:00,Aisle 8
183911575,452,2023-01-31 03:41:00,Back Room
183911575,517,2020-11-06 09:36:00,Aisle 1
829577181,950,2022-05-26 08:39:00,Back Room
829577181,596,2021-11-20 07:25:00,Aisle 1
753446094,408,2023-02-02 22:32:00,Back Room
753446094,97,2020-04-10 15:38:00,Aisle 7
204043775,642,2020-10-29 06:19:00,Back Room
204043775,88,2020-10-07 00:33:00,Aisle 5
360204557,995,2022-08-28 09:35:00,Back Room
360204557,699,2021-12-01 14:18:00,Aisle 9
925506796,1553,2021-12-13 02:44:00,Back Room
925506796,793,2020-12-15 03:14:00,Aisle 1
264151510,252,2025-04-15 12:23:00,Back Room
264151510,448,2020-05-01 23:03:00,Aisle 1
724930846,903,2021-04-19 05:22:00,Back Room
724930846,319,2020-02-06 18:55:00,Aisle 3
733943582,625,2023-12-09 12:54:00,Back Room
733943582,605,2021-07-03 07:17:00,Aisle 7
94709183,591,2024-04-20 06:08:00,Back Room
94709183,401,2022-01-24 03:33:00,Aisle 8
478812031,157,2024-09-14 00:43:00,Back Room
478812031,545,2020-09-04 00:58:00,Aisle 7
460505595,728,2024-02-18 05:06:00,Back Room
460505595,627,2021-10-12 00:31:00,Aisle 3
427369627,263,2020-06-12 11:54:00,Back Room
427369627,991,2022-02-15 14:33:00,Aisle 5
258470277,821,2025-11-25 04:43:00,Back Room
258470277,618,2021-06-21 17:12:00,Aisle 2
68023574,1665,2022-12-10 07:51:00,Back Room
68023574,427,2021-04-16 04:57:00,Produce
616373234,1171,2025-06-01 11:02:00,Back Room
616373234,231,2020-05-23 05:58:00,Aisle 9
150278469,124,2025-03-30 22:30:00,Back Room
150278469,860,2020-05-01 00:53:00,Aisle 2
313238060,1434,2022-06-25 08:29:00,Back Room
313238060,916,2020-11-14 00:17:00,Produce
677986084,646,2024-08-10 05:25:00,Back Room
677986084,658,2022-06-15 09:20:00,Aisle 9
288325109,1466,2025-05-15 07:49:00,Back Room
288325109,898,2021-04-09 14:51:00,Aisle 4
764276645,470,2025-05-21 22:02:00,Back Room
764276645,458,2020-03-24 16:41:00,Aisle 9
548473540,300,2023-03-01 11:51:00,Back Room
548473540,76,2022-08-19 17:06:00,Aisle 5
812175421,1108,2022-06-25 12:32:00,Back Room
812175421,678,2022-02-21 01:50:00,Aisle 5
790423787,962,2024-03-31 19:10:00,Back Room
790423787,866,2020-05-27 13:41:00,Aisle 6
147380524,155,2022-10-23 13:11:00,Back Room
147380524,441,2021-06-14 23:41:00,Aisle 6
545844853,631,2023-04-30 20:18:00,Back Room
545844853,35,2021-02-09 00:50:00,Produce
713884194,1590,2022-05-19 13:49:00,Back Room
713884194,921,2022-06-04 01:42:00,Aisle 6
654190829,1452,2020-12-05 12:19:00,Back Room
654190829,113,2021-01-20 15:30:00,Aisle 5
513303878,17,2022-12-06 01:25:00,Back Room
513303878,693,2020-01-13 05:34:00,Produce
290659196,1176,2020-08-27 13:13:00,Back Room
290659196,190,2020-07-15 03:22:00,Aisle 5
752049750,1078,2024-04-26 03:22:00,Back Room
752049750,405,2020-12-17 02:41:00,Aisle 3
215513159,1012,2025-02-25 07:35:00,Back Room
215513159,474,2020-08-14 17:05:00,Aisle 1
729609508,1184,2020-02-14 08:12:00,Back Room
729609508,785,2022-06-11 12:32:00,Aisle 5
602491222,127,2025-02-04 04:12:00,Back Room
602491222,516,2022-08-27 04:46:00,Aisle 6
813744660,655,2024-10-08 12:39:00,Back Room
813744660,162,2022-06-01 08:48:00,Aisle 2
397914734,1121,2020-08-26 03:28:00,Back Room
397914734,977,2020-06-21 07:57:00,Aisle 1
144500260,1337,2023-08-04 11:19:00,Back Room
144500260,614,2021-09-25 15:53:00,Produce
814285978,601,2024-07-20 16:26:00,Back Room
814285978,237,2022-01-13 08:11:00,Aisle 2
430949635,727,2020-07-29 05:49:00,Back Room
430949635,488,2022-06-16 00:17:00,Aisle 3
934610274,183,2022-09-07 16:16:00,Back Room
934610274,80,2021-11-09 05:03:00,Aisle 8
441475161,697,2024-06-16 13:59:00,Back Room
441475161,130,2021-10-06 12:57:00,Aisle 2
952261416,1461,2022-01-15 03:07:00,Back Room
952261416,144,2020-08-24 01:08:00,Produce
325345653,123,2021-07-18 02:50:00,Back Room
325345653,338,2021-06-28 03:23:00,Aisle 1
876738656,700,2024-10-18 22:31:00,Back Room
876738656,817,2021-10-22 00:34:00,Aisle 3
156878570,880,2021-11-29 17:54:00,Back Room
156878570,423,2021-09-15 07:06:00,Aisle 6
929217250,1953,2025-03-22 08:09:00,Back Room
929217250,566,2020-08-03 13:11:00,Aisle 3
858041350,441,2022-01-16 09:24:00,Back Room
858041350,683,2022-11-16 22:45:00,Aisle 1
573397167,325,2021-07-28 01:46:00,Back Room
573397167,396,2021-12-15 11:24:00,Aisle 4
779537807,1703,2024-04-12 08:51:00,Back Room
779537807,444,2022-04-09 11:33:00,Produce
410081107,1210,2022-04-06 08:51:00,Back Room
410081107,400,2022-10-07 09:56:00,Aisle 8
347191539,439,2020-07-31 20:36:00,Back Room
347191539,574,2020-07-06 22:40:00,Aisle 9
572912705,1525,2020-10-12 17:53:00,Back Room
572912705,223,2022-01-07 04:56:00,Aisle 8
77462005,1186,2025-03-04 06:46:00,Back Room
77462005,708,2020-09-23 06:46:00,Aisle 7
302799034,614,2024-02-11 08:05:00,Back Room
302799034,635,2021-12-25 18:10:00,Aisle 2
566790946,908,2022-04-21 14:22:00,Back Room
566790946,875,2022-01-30 00:36:00,Aisle 3
947745765,1683,2025-05-11 18:48:00,Back Room
947745765,511,2021-05-03 14:05:00,Aisle 8
500097383,1236,2025-01-27 06:43:00,Back Room
500097383,574,2021-11-04 10:27:00,Aisle 7
200121726,1772,2023-11-10 16:32:00,Back Room
200121726,256,2020-07-20 01:33:00,Aisle 1
740658475,597,2022-01-26 06:06:00,Back Room
740658475,985,2022-06-29 02:37:00,Aisle 6
207328768,179,2023-09-23 01:03:00,Back Room
207328768,626,2021-01-13 18:20:00,Aisle 9
412918080,641,2024-09-20 10:05:00,Back Room
412918080,568,2022-02-05 15:40:00,Produce
937740741,313,2022-01-26 09:55:00,Back Room
937740741,451,2022-01-30 23:48:00,Aisle 6
595757033,1822,2020-09-23 08:32:00,Back Room
595757033,78,2022-10-05 20:31:00,Aisle 6
575197847,1330,2021-06-16 01:13:00,Back Room
575197847,324,2020-01-18 18:28:00,Aisle 3
649538775,1848,2022-11-01 16:14:00,Back Room
649538775,749,2021-12-10 11:21:00,Aisle 6
838370999,1303,2025-09-22 13:53:00,Back Room
838370999,163,2020-12-09 15:31:00,Aisle 2
410562060,1610,2022-01-04 09:18:00,Back Room
410562060,582,2022-02-15 07:44:00,Produce
509367573,1293,2024-07-17 10:51:00,Back Room
509367573,59,2022-10-19 10:57:00,Produce
543186126,723,2020-08-01 15:12:00,Back Room
543186126,685,2021-01-05 01:55:00,Aisle 4
212088728,971,2023-08-22 20:57:00,Back Room
212088728,330,2022-07-18 15:15:00,Aisle 3
317010012,497,2020-04-09 06:18:00,Back Room
317010012,218,2020-04-26 23:00:00,Aisle 7
275926569,1832,2025-09-06 11:53:00,Back Room
275926569,802,2022-04-12 00:42:00,Produce
831767201,797,2024-11-15 10:29:00,Back Room
831767201,916,2022-10-13 11:27:00,Aisle 5
35110369,1121,2025-01-08 16:24:00,Back Room
35110369,442,2020-03-23 04:18:00,Aisle 5
803396157,823,2024-07-31 09:00:00,Back Room
803396157,70,2021-02-11 07:43:00,Aisle 5
65017527,997,2025-07-13 04:58:00,Back Room
65017527,65,2020-07-17 16:19:00,Aisle 7
513018905,964,2024-03-10 01:55:00,Back Room
513018905,219,2020-05-24 02:19:00,Aisle 4
662859268,1190,2021-01-21 06:04:00,Back Room
662859268,183,2020-05-10 11:01:00,Aisle 5
933008622,1989,2025-06-07 01:07:00,Back Room
933008622,264,2021-12-09 06:22:00,Aisle 4
179467939,125,2021-11-10 10:33:00,Back Room
179467939,678,2022-05-14 08:52:00,Aisle 9
240967035,463,2024-05-02 15:41:00,Back Room
240967035,23,2020-10-28 22:50:00,Aisle 1
534941954,1794,2023-02-05 10:49:00,Back Room
534941954,953,2020-02-07 11:55:00,Aisle 8
453461559,662,2022-08-16 10:28:00,Back Room
453461559,358,2020-04-15 09:04:00,Aisle 3
93688340,678,2023-10-24 13:18:00,Back Room
93688340,75,2022-11-23 13:19:00,Aisle 3
716615508,559,2023-09-24 23:21:00,Back Room
716615508,61,2020-01-15 15:29:00,Aisle 3
621936027,1260,2022-09-28 05:42:00,Back Room
621936027,696,2021-03-02 21:52:00,Aisle 8
469184265,47,2024-12-30 21:57:00,Back Room
469184265,492,2022-11-13 10:18:00,Aisle 8
626633884,1224,2024-01-22 05:43:00,Back Room
626633884,793,2022-11-10 06:12:00,Produce
139687496,1702,2020-07-16 14:47:00,Back Room
139687496,190,2022-09-24 16:39:00,Aisle 6
612445489,881,2023-03-02 14:04:00,Back Room
612445489,175,2020-12-28 10:51:00,Aisle 4
507626526,1321,2025-05-05 21:15:00,Back Room
507626526,398,2021-12-01 09:03:00,Aisle 1
519502339,202,2021-11-04 08:58:00,Back Room
519502339,497,2021-08-29 01:13:00,Aisle 4
278814743,419,2024-09-20 02:12:00,Back Room
278814743,530,2020-03-29 20:56:00,Aisle 5
659398415,1870,2024-04-02 07:45:00,Back Room
659398415,532,2022-08-16 08:50:00,Aisle 4
782236430,1250,2022-10-03 18:52:00,Back Room
782236430,592,2021-12-07 12:27:00,Aisle 9
707018094,961,2024-09-17 14:32:00,Back Room
707018094,80,2020-09-18 22:15:00,Aisle 9
386732783,1551,2022-12-11 09:37:00,Back Room
386732783,169,2021-11-04 23:23:00,Aisle 4
173123299,873,2022-02-06 03:16:00,Back Room
173123299,363,2022-12-15 00:20:00,Aisle 3
24962102,350,2025-05-01 07:13:00,Back Room
24962102,374,2020-08-19 20:17:00,Aisle 3
405168206,668,2024-10-10 10:20:00,Back Room
405168206,162,2022-03-21 18:45:00,Aisle 7
8077669,903,2022-06-23 11:47:00,Back Room
8077669,634,2020-12-29 15:43:00,Aisle 5
896675359,1391,2020-07-08 09:25:00,Back Room
896675359,623,2022-10-15 08:20:00,Aisle 1
25141925,1175,2020-11-06 20:11:00,Back Room
25141925,533,2020-12-12 05:01:00,Aisle 1
685695895,328,2024-03-18 10:50:00,Back Room
685695895,951,2021-11-28 00:15:00,Produce
202653160,303,2022-06-27 10:30:00,Back Room
202653160,439,2021-07-21 10:12:00,Aisle 1
227815077,771,2024-08-20 14:08:00,Back Room
227815077,67,2021-10-25 05:23:00,Aisle 9
901397436,1473,2022-06-20 09:52:00,Back Room
901397436,540,2021-12-04 19:05:00,Aisle 7
877800753,1570,2023-07-16 09:09:00,Back Room
877800753,596,2022-05-22 20:57:00,Produce
860519683,1421,2022-09-21 09:40:00,Back Room
860519683,907,2021-11-09 14:12:00,Aisle 8
229995980,1265,2022-06-19 09:37:00,Back Room
229995980,588,2021-06-26 11:40:00,Aisle 2
783301834,1079,2025-01-21 19:33:00,Back Room
783301834,818,2020-04-09 16:04:00,Produce
922886047,1706,2020-08-08 20:31:00,Back Room
922886047,230,2021-08-26 02:57:00,Produce
197008914,514,2023-04-11 03:11:00,Back Room
197008914,938,2022-03-22 02:45:00,Produce
575912189,896,2024-10-31 18:58:00,Back Room
575912189,459,2021-08-16 14:33:00,Aisle 3
168091276,414,2020-11-16 15:35:00,Back Room
168091276,308,2021-05-15 05:46:00,Aisle 4
798103167,1866,2023-02-18 17:08:00,Back Room
798103167,957,2022-07-21 19:01:00,Aisle 2
311155502,371,2025-11-16 17:47:00,Back Room
311155502,339,2021-08-03 17:47:00,Produce
488109093,531,2024-02-09 07:32:00,Back Room
488109093,299,2020-02-02 07:57:00,Aisle 3
590111752,596,2020-04-19 20:06:00,Back Room
590111752,833,2022-11-27 00:46:00,Aisle 8
143371181,1577,2022-01-12 00:56:00,Back Room
143371181,417,2021-03-29 05:25:00,Produce
785609310,659,2025-10-16 23:08:00,Back Room
785609310,491,2020-09-24 08:03:00,Aisle 7
763616492,1361,2024-10-14 10:24:00,Back Room
763616492,127,2020-02-09 10:16:00,Aisle 5
857885672,619,2024-12-16 21:01:00,Back Room
857885672,442,2022-02-12 12:28:00,Aisle 3
770374355,382,2022-06-02 23:01:00,Back Room
770374355,143,2020-04-22 15:48:00,Aisle 2
894962519,853,2022-02-22 13:12:00,Back Room
894962519,211,2021-02-05 15:26:00,Produce
803928814,1244,2024-09-27 14:55:00,Back Room
803928814,620,2020-12-26 07:42:00,Aisle 4
956479646,422,2024-11-16 00:48:00,Back Room
956479646,192,2020-06-19 21:27:00,Aisle 7
122722535,353,2020-07-20 15:24:00,Back Room
122722535,794,2021-12-26 16:13:00,Aisle 9
493907568,700,2020-04-12 10:12:00,Back Room
493907568,191,2020-11-21 11:07:00,Produce
317060595,977,2020-05-27 23:18:00,Back Room
317060595,184,2021-07-06 22:11:00,Aisle 2
742497944,87,2020-11-05 00:48:00,Back Room
742497944,811,2021-08-21 12:28:00,Aisle 8
360080782,1517,2022-12-09 19:45:00,Back Room
360080782,306,2020-05-08 18:47:00,Produce
382018013,1315,2023-05-30 10:37:00,Back Room
382018013,548,2022-02-06 19:09:00,Aisle 8
106850080,1565,2024-05-02 23:39:00,Back Room
106850080,667,2021-09-17 22:43:00,Aisle 5
921601130,1293,2024-08-19 00:39:00,Back Room
921601130,330,2022-06-23 13:34:00,Aisle 5
997918136,129,2023-02-20 05:02:00,Back Room
997918136,49,2021-10-16 23:25:00,Aisle 8
497845293,862,2024-10-11 19:54:00,Back Room
497845293,495,2020-05-23 16:42:00,Produce
679890552,1256,2020-06-15 03:56:00,Back Room
679890552,528,2020-07-15 07:36:00,Aisle 7
910267866,314,2022-06-27 18:32:00,Back Room
910267866,628,2022-11-11 18:31:00,Aisle 2
255822983,1204,2022-01-19 09:10:00,Back Room
255822983,629,2022-04-20 19:37:00,Aisle 2
807128124,1277,2023-01-19 02:19:00,Back Room
807128124,545,2020-07-05 15:37:00,Aisle 1
917533915,1434,2021-01-07 01:36:00,Back Room
917533915,596,2021-02-06 01:00:00,Aisle 7
206496244,11,2023-12-05 19:21:00,Back Room
206496244,818,2020-09-25 09:47:00,Produce
354370810,290,2022-05-13 13:09:00,Back Room
354370810,837,2020-06-06 11:26:00,Aisle 1
30132094,123,2024-03-30 06:51:00,Back Room
30132094,60,2020-02-20 06:21:00,Aisle 2
757665621,91,2025-07-19 13:16:00,Back Room
757665621,993,2022-11-18 15:34:00,Aisle 9
357889063,1207,2024-03-29 14:11:00,Back Room
357889063,874,2022-04-09 12:25:00,Aisle 6
824371345,37,2021-07-27 04:34:00,Back Room
824371345,603,2021-05-09 08:51:00,Produce
186266911,179,2020-01-25 07:42:00,Back Room
186266911,942,2022-04-04 07:46:00,Aisle 4
401238066,1870,2020-08-03 13:10:00,Back Room
401238066,376,2022-11-04 03:57:00,Aisle 6
943078040,941,2021-11-16 07:04:00,Back Room
943078040,44,2022-05-20 10:23:00,Aisle 9
880179798,881,2021-09-17 06:26:00,Back Room
880179798,982,2022-09-23 21:40:00,Aisle 2
567135839,1656,2024-09-18 18:30:00,Back Room
567135839,971,2020-08-18 14:15:00,Aisle 4
992286015,1950,2020-01-07 21:36:00,Back Room
992286015,789,2022-07-13 16:03:00,Produce
937263736,318,2020-03-28 21:50:00,Back Room
937263736,244,2022-05-24 23:10:00,Aisle 6
640038948,261,2020-11-30 00:33:00,Back Room
640038948,605,2020-07-13 18:41:00,Aisle 1
902682637,1796,2025-02-07 20:19:00,Back Room
902682637,698,2022-08-23 04:09:00,Aisle 7
751338677,756,2025-02-26 21:37:00,Back Room
751338677,538,2021-11-11 17:25:00,Aisle 9
484234981,1943,2024-09-03 14:44:00,Back Room
484234981,500,2021-03-22 09:45:00,Aisle 6
534109478,1182,2025-04-06 13:08:00,Back Room
534109478,184,2020-01-15 17:36:00,Aisle 5
152613315,1108,2024-08-09 03:45:00,Back Room
152613315,357,2021-08-19 10:26:00,Aisle 6
368227652,1130,2024-04-19 14:03:00,Back Room
368227652,832,2021-08-07 11:06:00,Aisle 6
975839727,271,2021-11-17 11:57:00,Back Room
975839727,31,2022-07-07 08:35:00,Aisle 3
730977736,99,2024-09-19 12:37:00,Back Room
730977736,298,2020-05-23 12:24:00,Aisle 7
574891501,1740,2025-11-21 05:54:00,Back Room
574891501,538,2020-11-16 11:11:00,Aisle 1
239965239,1491,2022-11-29 19:19:00,Back Room
239965239,973,2020-04-04 12:25:00,Aisle 3
642630326,1210,2023-01-28 22:22:00,Back Room
642630326,363,2020-01-27 04:29:00,Aisle 8
118029734,1207,2024-05-03 13:25:00,Back Room
118029734,684,2020-12-06 06:59:00,Aisle 5
211968096,724,2025-11-21 21:50:00,Back Room
211968096,796,2022-05-04 05:23:00,Aisle 1
727141067,56,2021-10-24 07:42:00,Back Room
727141067,333,2020-08-12 04:04:00,Aisle 1
925376423,747,2021-03-15 00:21:00,Back Room
925376423,174,2020-07-31 10:14:00,Aisle 5
132370207,1177,2023-01-29 17:41:00,Back Room
132370207,478,2020-11-12 18:27:00,Aisle 6
471963742,155,2024-06-15 12:38:00,Back Room
471963742,975,2020-08-15 06:25:00,Aisle 1
369930401,1390,2025-06-15 00:00:00,Back Room
369930401,739,2022-02-14 17:02:00,Aisle 5
96972217,528,2021-07-15 01:56:00,Back Room
96972217,414,2021-12-22 22:35:00,Aisle 1
597109828,898,2023-10-21 08:20:00,Back Room
597109828,191,2020-04-18 06:46:00,Aisle 8
272009955,1549,2024-02-26 15:15:00,Back Room
272009955,196,2022-10-10 12:03:00,Produce
608159733,809,2023-06-25 17:04:00,Back Room
608159733,281,2020-05-26 13:59:00,Aisle 5
681940714,421,2021-08-12 02:15:00,Back Room
681940714,115,2020-09-26 17:08:00,Aisle 8
857067044,1729,2022-10-21 00:21:00,Back Room
857067044,904,2021-02-21 05:39:00,Aisle 3
670797648,1072,2025-04-03 05:27:00,Back Room
670797648,210,2021-08-11 11:43:00,Aisle 3
676716203,440,2020-09-28 10:13:00,Back Room
676716203,11,2022-09-21 23:29:00,Produce
959098902,1370,2022-02-04 03:56:00,Back Room
959098902,581,2020-03-21 15:23:00,Produce
190755934,812,2022-09-28 18:47:00,Back Room
190755934,995,2021-09-08 19:05:00,Aisle 9
279535232,1988,2024-03-21 10:30:00,Back Room
279535232,33,2020-09-11 09:47:00,Aisle 3
546943960,1864,2023-01-21 11:22:00,Back Room
546943960,461,2022-11-02 19:18:00,Aisle 8
180945356,167,2022-08-08 07:32:00,Back Room
180945356,646,2020-07-17 02:25:00,Aisle 3
633029653,1720,2021-02-27 23:51:00,Back Room
633029653,894,2021-03-26 16:45:00,Aisle 5
713892625,143,2022-04-30 21:06:00,Back Room
713892625,217,2021-08-20 15:12:00,Aisle 6
47055903,1082,2024-09-24 13:53:00,Back Room
47055903,177,2021-05-01 03:16:00,Aisle 6
307855197,741,2025-12-10 22:33:00,Back Room
307855197,931,2020-01-23 11:41:00,Produce
446630022,693,2024-02-03 19:44:00,Back Room
446630022,891,2021-04-03 09:39:00,Aisle 3
642085067,134,2023-05-26 04:01:00,Back Room
642085067,942,2021-01-11 19:03:00,Aisle 6
831132842,1070,2025-04-01 23:39:00,Back Room
831132842,991,2021-11-19 23:18:00,Produce
403016587,1031,2025-11-12 19:28:00,Back Room
403016587,386,2021-01-24 18:54:00,Aisle 2
106874775,482,2022-06-10 16:44:00,Back Room
106874775,184,2022-06-11 12:59:00,Aisle 8
46127158,599,2025-03-03 21:05:00,Back Room
46127158,96,2021-06-29 16:12:00,Aisle 2
868728792,1750,2024-10-30 07:14:00,Back Room
868728792,783,2021-02-03 17:25:00,Aisle 3
313198430,1932,2024-07-06 03:53:00,Back Room
313198430,604,2022-04-04 08:23:00,Aisle 3
615447179,1504,2025-01-18 05:21:00,Back Room
615447179,466,2020-12-30 06:05:00,Produce
106564223,1813,2022-05-26 10:42:00,Back Room
106564223,57,2020-03-16 10:41:00,Aisle 6
249866854,481,2020-12-31 17:54:00,Back Room
249866854,79,2020-02-21 23:40:00,Aisle 4
110095795,1537,2025-01-03 23:30:00,Back Room
110095795,874,2022-04-06 18:26:00,Aisle 6
371943568,806,2021-01-27 23:41:00,Back Room
371943568,684,2021-02-10 17:41:00,Aisle 5
94726821,1375,2024-10-03 09:03:00,Back Room
94726821,880,2020-05-30 15:05:00,Aisle 9
442866969,828,2025-04-27 15:59:00,Back Room
442866969,824,2021-12-01 03:06:00,Aisle 6
859493069,1542,2024-11-15 21:19:00,Back Room
859493069,510,2022-12-04 01:42:00,Aisle 9
559073650,1971,2024-04-30 23:16:00,Back Room
559073650,937,2020-06-08 21:03:00,Aisle 2
708121869,926,2022-12-17 10:01:00,Back Room
708121869,230,2021-09-17 12:48:00,Produce
539426122,1190,2020-12-02 21:05:00,Back Room
539426122,661,2021-06-04 16:29:00,Produce
404318090,1429,2022-04-05 15:59:00,Back Room
404318090,252,2022-09-19 17:03:00,Aisle 6
326216193,159,2024-08-26 11:23:00,Back Room
326216193,59,2022-07-10 17:58:00,Aisle 5
965453926,39,2023-07-04 00:40:00,Back Room
965453926,666,2022-02-21 08:57:00,Aisle 5
588177161,633,2020-05-03 03:18:00,Back Room
588177161,788,2021-09-07 12:39:00,Aisle 2
678669509,264,2025-09-26 20:16:00,Back Room
678669509,745,2020-01-14 13:51:00,Aisle 1
175139755,33,2020-11-29 12:08:00,Back Room
175139755,689,2021-02-18 18:46:00,Aisle 7
81743420,432,2025-09-10 06:33:00,Back Room
81743420,581,2020-05-30 12:02:00,Aisle 2
920346964,258,2025-10-03 00:38:00,Back Room
920346964,604,2021-08-04 23:04:00,Aisle 2
315898183,886,2020-12-22 00:19:00,Back Room
315898183,482,2020-02-18 23:46:00,Produce
193012817,880,2022-02-26 15:37:00,Back Room
193012817,844,2022-11-07 01:51:00,Aisle 5
631057852,1396,2022-10-16 02:52:00,Back Room
631057852,185,2020-07-18 10:50:00,Aisle 1
952495534,865,2024-10-01 20:02:00,Back Room
952495534,923,2021-03-11 22:39:00,Aisle 5
388445581,938,2025-04-17 06:24:00,Back Room
388445581,364,2020-02-08 13:17:00,Aisle 3
382887298,1863,2021-09-12 09:58:00,Back Room
382887298,587,2022-03-31 04:46:00,Aisle 7
333636638,1382,2023-10-01 13:17:00,Back Room
333636638,812,2020-01-06 09:25:00,Aisle 7
688193237,1645,2022-02-07 09:50:00,Back Room
688193237,599,2022-05-23 06:25:00,Aisle 1
666773808,1921,2024-10-06 22:19:00,Back Room
666773808,771,2021-12-16 05:22:00,Aisle 6
836695890,1132,2022-03-29 14:49:00,Back Room
836695890,408,2022-04-27 15:35:00,Aisle 6
636411911,1745,2022-04-22 11:33:00,Back Room
636411911,123,2022-10-13 13:08:00,Produce
891650854,1021,2021-05-09 22:12:00,Back Room
891650854,747,2020-03-14 13:48:00,Aisle 8
916017785,6,2023-08-25 01:50:00,Back Room
916017785,224,2020-01-11 08:54:00,Aisle 6
217784351,1008,2021-06-14 13:04:00,Back Room
217784351,755,2020-07-11 03:52:00,Aisle 4
419240923,1198,2025-12-09 11:51:00,Back Room
419240923,576,2020-06-25 23:14:00,Aisle 2
994739773,1294,2020-03-26 13:01:00,Back Room
994739773,491,2021-01-26 10:50:00,Aisle 2
907465879,20,2021-06-03 18:22:00,Back Room
907465879,313,2021-12-01 10:06:00,Aisle 6
969633271,421,2021-08-25 11:16:00,Back Room
969633271,531,2021-12-03 00:44:00,Aisle 5
261863802,1784,2021-10-26 18:40:00,Back Room
261863802,940,2020-09-04 03:16:00,Aisle 8
745640505,813,2020-12-09 23:13:00,Back Room
745640505,484,2020-10-16 00:13:00,Aisle 6
855013239,964,2024-12-30 03:11:00,Back Room
855013239,784,2022-10-17 23:14:00,Aisle 8
396627172,316,2020-06-27 01:58:00,Back Room
396627172,835,2022-04-23 17:15:00,Produce
657467447,372,2021-03-30 15:42:00,Back Room
657467447,918,2021-10-05 21:20:00,Aisle 6
745588534,748,2025-06-23 21:39:00,Back Room
745588534,480,2022-11-11 10:44:00,Aisle 6
790887657,287,2021-09-27 03:22:00,Back Room
790887657,754,2022-04-23 04:14:00,Aisle 3
257177322,129,2023-10-14 16:09:00,Back Room
257177322,56,2020-02-07 22:28:00,Aisle 7
184570847,963,2023-02-13 04:10:00,Back Room
184570847,784,2020-03-10 02:07:00,Aisle 2
521775525,592,2022-02-04 05:20:00,Back Room
521775525,937,2020-11-25 07:06:00,Produce
882490049,1025,2021-10-23 20:32:00,Back Room
882490049,588,2022-02-21 23:58:00,Produce
247046582,47,2020-12-22 05:35:00,Back Room
247046582,619,2022-06-19 13:10:00,Aisle 8
284735172,272,2024-11-18 01:27:00,Back Room
284735172,908,2020-04-03 07:15:00,Aisle 2
720159286,478,2025-07-04 22:24:00,Back Room
720159286,272,2021-08-22 17:45:00,Produce
543943862,1384,2024-07-23 06:12:00,Back Room
543943862,927,2022-05-28 23:34:00,Aisle 6
475665268,944,2024-11-11 14:39:00,Back Room
475665268,186,2021-07-20 22:38:00,Aisle 9
719462253,1994,2021-05-14 19:27:00,Back Room
719462253,623,2021-03-03 10:17:00,Aisle 3
825946546,1664,2021-08-20 18:10:00,Back Room
825946546,654,2020-12-11 05:36:00,Aisle 4
876836869,1782,2020-09-19 17:35:00,Back Room
876836869,10,2020-08-17 07:52:00,Aisle 8
495762022,130,2020-12-18 08:21:00,Back Room
495762022,910,2020-09-01 06:44:00,Aisle 3
113207001,1701,2021-11-22 05:39:00,Back Room
113207001,204,2021-07-10 03:11:00,Aisle 6
699625782,632,2023-03-10 07:40:00,Back Room
699625782,59,2021-01-23 09:05:00,Aisle 2
354315954,1602,2021-12-25 06:09:00,Back Room
354315954,1,2022-01-30 09:51:00,Aisle 4
546969170,314,2021-03-06 00:43:00,Back Room
546969170,60,2022-03-01 01:32:00,Aisle 3
287918955,1724,2022-05-31 18:43:00,Back Room
287918955,445,2021-11-05 16:18:00,Aisle 8
386925150,787,2024-10-09 15:14:00,Back Room
386925150,45,2022-04-04 15:34:00,Produce
546797105,58,2023-04-07 02:52:00,Back Room
546797105,708,2021-12-09 17:17:00,Aisle 4
68516353,901,2025-08-30 19:58:00,Back Room
68516353,623,2022-03-25 12:13:00,Produce
959489057,1081,2021-01-27 20:20:00,Back Room
959489057,648,2022-10-29 11:06:00,Aisle 1
983163076,1369,2025-07-17 05:45:00,Back Room
983163076,733,2021-01-03 10:46:00,Produce
3891395,293,2021-05-27 17:19:00,Back Room
3891395,866,2021-05-28 09:09:00,Produce
526066348,1990,2021-02-23 10:21:00,Back Room
526066348,499,2022-05-27 09:12:00,Aisle 9
587342309,1163,2025-06-29 06:48:00,Back Room
587342309,982,2020-03-18 04:46:00,Aisle 1
6021543,464,2023-10-16 23:08:00,Back Room
6021543,196,2020-10-21 11:54:00,Aisle 5
357972483,1534,2025-12-12 08:52:00,Back Room
357972483,548,2020-04-01 14:00:00,Produce
574180045,692,2022-04-19 05:48:00,Back Room
574180045,657,2022-12-10 09:15:00,Aisle 8
594619507,1926,2024-06-08 05:08:00,Back Room
594619507,380,2022-09-02 09:49:00,Aisle 5
267745245,1610,2024-07-11 15:22:00,Back Room
267745245,523,2021-08-06 01:48:00,Produce
603039296,409,2021-07-22 11:31:00,Back Room
603039296,89,2021-06-28 02:53:00,Produce
385564805,293,2021-09-13 19:36:00,Back Room
385564805,165,2021-08-05 19:11:00,Aisle 2
757170925,1925,2025-03-26 12:58:00,Back Room
757170925,711,2021-08-05 20:00:00,Aisle 4
748370899,689,2024-10-09 23:08:00,Back Room
748370899,946,2020-12-10 18:46:00,Aisle 3
991950658,469,2022-09-02 00:10:00,Back Room
991950658,400,2020-03-02 09:51:00,Aisle 1
99343647,784,2022-03-06 18:16:00,Back Room
99343647,529,2021-11-30 01:44:00,Aisle 1
965628094,1177,2020-06-14 22:59:00,Back Room
965628094,884,2020-02-19 21:06:00,Aisle 3
322787891,908,2020-11-30 19:42:00,Back Room
322787891,607,2022-02-23 07:54:00,Produce
945216897,571,2023-07-06 20:25:00,Back Room
945216897,512,2021-02-11 05:01:00,Aisle 9
909919271,2000,2023-11-01 12:57:00,Back Room
909919271,212,2021-11-21 20:10:00,Aisle 9
341137948,1411,2022-04-19 02:03:00,Back Room
341137948,121,2022-07-05 13:56:00,Aisle 1
70721662,913,2023-05-05 04:42:00,Back Room
70721662,46,2021-09-08 04:45:00,Aisle 5
737969976,163,2020-02-02 14:12:00,Back Room
737969976,867,2022-07-11 14:05:00,Aisle 3
524198889,877,2025-02-08 04:37:00,Back Room
524198889,735,2022-12-24 23:23:00,Aisle 6
134293543,832,2025-06-11 01:16:00,Back Room
134293543,0,2021-01-15 19:05:00,Produce
203132146,1143,2021-09-04 16:54:00,Back Room
203132146,322,2020-09-10 20:59:00,Aisle 5
956431527,1621,2023-12-13 19:51:00,Back Room
956431527,212,2020-03-24 16:58:00,Aisle 9
681628685,323,2020-08-06 23:22:00,Back Room
681628685,504,2022-06-28 04:39:00,Aisle 6
92294092,1274,2024-12-03 18:21:00,Back Room
92294092,936,2021-01-28 05:18:00,Produce
776678900,1798,2020-07-01 06:29:00,Back Room
776678900,146,2022-12-21 15:20:00,Aisle 8
600856761,1841,2022-10-24 11:16:00,Back Room
600856761,393,2022-06-10 06:22:00,Aisle 6
95935895,1444,2025-03-06 18:33:00,Back Room
95935895,977,2020-06-28 19:58:00,Produce
290108451,156,2020-12-25 09:15:00,Back Room
290108451,278,2020-02-28 03:32:00,Produce
24448466,107,2024-04-30 02:00:00,Back Room
24448466,603,2020-03-12 20:54:00,Produce
165787827,1730,2024-08-31 07:39:00,Back Room
165787827,559,2022-05-02 19:56:00,Aisle 7
661549698,246,2022-08-21 18:21:00,Back Room
661549698,503,2021-10-16 01:01:00,Aisle 1
290602025,496,2025-12-03 07:53:00,Back Room
290602025,171,2020-08-26 23:45:00,Aisle 6
556347406,182,2021-03-11 12:03:00,Back Room
556347406,142,2022-06-12 08:17:00,Aisle 5
777404041,567,2025-04-16 00:16:00,Back Room
777404041,942,2021-08-17 23:38:00,Aisle 9
151162875,20,2021-03-05 20:41:00,Back Room
151162875,199,2021-02-01 00:42:00,Aisle 6
529046191,668,2020-10-23 13:28:00,Back Room
529046191,735,2020-11-20 05:10:00,Aisle 2
684310179,680,2023-01-01 13:17:00,Back Room
684310179,15,2022-05-04 11:09:00,Aisle 3
405097538,315,2025-01-02 18:28:00,Back Room
405097538,752,2022-07-20 00:41:00,Aisle 3
670475168,1539,2022-12-01 13:34:00,Back Room
670475168,312,2022-11-21 17:51:00,Aisle 6
37491117,251,2022-10-16 19:12:00,Back Room
37491117,302,2020-06-04 05:17:00,Aisle 5
404649359,633,2022-10-15 02:45:00,Back Room
404649359,674,2021-01-31 00:57:00,Aisle 8
908042022,1359,2025-12-14 13:58:00,Back Room
908042022,171,2022-08-13 22:42:00,Aisle 5
762449137,866,2023-09-27 10:02:00,Back Room
762449137,847,2020-11-01 12:02:00,Aisle 6
497388328,561,2024-04-19 06:28:00,Back Room
497388328,157,2022-03-28 08:45:00,Aisle 8
502764787,1737,2022-12-22 07:56:00,Back Room
502764787,500,2020-11-08 17:24:00,Aisle 8
618761433,161,2025-07-22 11:28:00,Back Room
618761433,19,2021-07-02 20:37:00,Produce
195099164,347,2021-12-31 19:43:00,Back Room
195099164,306,2020-04-11 12:29:00,Produce
442456250,901,2024-12-20 23:33:00,Back Room
442456250,217,2020-08-23 06:56:00,Aisle 6
510492136,1568,2020-08-06 13:14:00,Back Room
510492136,262,2022-05-25 10:50:00,Aisle 3
237502013,1440,2020-11-27 20:49:00,Back Room
237502013,48,2021-11-11 22:30:00,Aisle 4
14366985,614,2023-07-18 16:59:00,Back Room
14366985,690,2021-05-23 14:02:00,Produce
413319408,1406,2024-04-24 18:59:00,Back Room
413319408,711,2021-11-22 05:01:00,Aisle 3
388886715,1424,2022-04-22 03:07:00,Back Room
388886715,444,2021-01-28 13:54:00,Aisle 6
506934008,992,2023-05-29 18:03:00,Back Room
506934008,722,2021-03-18 00:00:00,Aisle 7
272780325,281,2024-06-02 10:08:00,Back Room
272780325,662,2020-01-09 00:02:00,Produce
983120643,207,2024-02-07 07:29:00,Back Room
983120643,137,2021-02-09 01:36:00,Aisle 1
648281625,325,2021-05-27 09:37:00,Back Room
648281625,880,2021-03-24 02:16:00,Aisle 4
110364397,517,2021-11-15 09:41:00,Back Room
110364397,282,2020-08-20 19:09:00,Aisle 1
411616785,629,2024-09-12 11:43:00,Back Room
411616785,845,2020-06-13 21:28:00,Aisle 8
784819597,1188,2024-01-11 21:31:00,Back Room
784819597,854,2021-07-01 20:52:00,Aisle 9
846559722,708,2025-11-06 12:01:00,Back Room
846559722,651,2021-07-13 16:53:00,Produce
708248924,905,2024-12-09 14:54:00,Back Room
708248924,791,2020-09-16 09:49:00,Aisle 5
742300118,962,2022-02-12 23:38:00,Back Room
742300118,352,2020-10-11 19:01:00,Aisle 7
670415216,1955,2020-05-07 09:10:00,Back Room
670415216,524,2020-02-20 15:33:00,Aisle 2
664350723,1540,2024-03-05 13:07:00,Back Room
664350723,497,2020-02-17 16:52:00,Aisle 1
398105431,579,2022-05-15 04:13:00,Back Room
398105431,912,2021-01-26 06:44:00,Aisle 9
301220221,1561,2023-05-16 23:49:00,Back Room
301220221,710,2022-11-08 17:30:00,Produce
210042362,697,2023-09-09 13:09:00,Back Room
210042362,67,2020-11-04 20:20:00,Aisle 8
438738307,379,2021-08-16 06:06:00,Back Room
438738307,219,2021-10-14 11:55:00,Produce
12212983,1282,2021-02-16 01:37:00,Back Room
12212983,550,2020-05-04 11:31:00,Produce
332077339,710,2023-02-25 04:32:00,Back Room
332077339,271,2020-04-10 19:58:00,Aisle 7
825556274,50,2022-07-11 14:20:00,Back Room
825556274,720,2020-11-01 14:32:00,Produce
257905411,1053,2021-02-25 05:36:00,Back Room
257905411,112,2022-05-18 19:05:00,Aisle 3
510922460,751,2020-07-03 02:27:00,Back Room
510922460,960,2020-10-23 21:29:00,Aisle 9
362928053,151,2023-07-09 17:34:00,Back Room
362928053,837,2022-03-15 21:41:00,Aisle 2
198684913,1024,2024-05-20 09:53:00,Back Room
198684913,158,2022-05-09 08:42:00,Aisle 2
406427320,991,2025-10-08 15:02:00,Back Room
406427320,836,2021-12-17 19:06:00,Aisle 8
944117704,1368,2021-06-13 17:43:00,Back Room
944117704,265,2022-10-22 17:52:00,Aisle 8
15458816,175,2022-12-17 21:06:00,Back Room
15458816,630,2020-04-27 14:13:00,Aisle 3
234072690,783,2020-04-01 06:34:00,Back Room
234072690,388,2022-08-18 04:58:00,Aisle 7
754332486,214,2020-12-21 16:57:00,Back Room
754332486,118,2021-04-28 02:56:00,Aisle 9
918482375,1848,2023-05-20 01:33:00,Back Room
918482375,924,2021-01-06 05:36:00,Aisle 1
220627593,1736,2024-02-03 20:54:00,Back Room
220627593,707,2020-04-11 11:46:00,Aisle 8
893328759,1903,2025-04-24 21:20:00,Back Room
893328759,47,2022-05-17 17:42:00,Aisle 9
692160688,1816,2024-03-11 05:52:00,Back Room
692160688,627,2021-11-03 00:57:00,Aisle 6
581133788,1192,2025-01-08 14:24:00,Back Room
581133788,646,2020-09-07 23:04:00,Aisle 3
258396528,1934,2022-05-22 21:47:00,Back Room
258396528,415,2022-05-27 14:52:00,Aisle 4
627377372,1194,2022-03-29 16:17:00,Back Room
627377372,328,2020-06-01 00:32:00,Aisle 7
355692076,391,2022-03-31 16:21:00,Back Room
355692076,629,2020-02-03 00:23:00,Aisle 6
546472567,1121,2025-12-16 03:34:00,Back Room
546472567,523,2022-05-10 16:19:00,Aisle 6
730866389,144,2024-06-26 18:52:00,Back Room
730866389,716,2020-11-20 18:33:00,Aisle 9
715452710,897,2020-02-01 14:28:00,Back Room
715452710,667,2021-10-26 00:20:00,Aisle 2
220248968,657,2023-06-27 05:16:00,Back Room
220248968,817,2022-05-21 04:35:00,Aisle 2
707559252,1803,2022-05-20 05:24:00,Back Room
707559252,982,2021-11-23 01:03:00,Aisle 8
502996538,792,2021-03-09 12:40:00,Back Room
502996538,36,2022-07-09 07:52:00,Aisle 7
14916472,1313,2021-01-08 12:03:00,Back Room
14916472,712,2021-06-22 14:49:00,Aisle 1
125299205,1879,2023-08-06 21:28:00,Back Room
125299205,387,2021-11-26 02:12:00,Aisle 2
83495142,1345,2024-11-02 08:18:00,Back Room
83495142,848,2020-11-24 18:52:00,Aisle 8
795278813,145,2020-02-01 16:24:00,Back Room
795278813,901,2022-08-08 12:45:00,Aisle 2
802171246,1943,2025-05-28 00:18:00,Back Room
802171246,506,2021-01-23 13:53:00,Aisle 7
88457233,1143,2020-05-11 15:52:00,Back Room
88457233,812,2020-11-03 03:41:00,Aisle 9
304732378,1918,2023-08-30 17:01:00,Back Room
304732378,513,2020-08-04 17:29:00,Produce
108010459,899,2021-09-26 03:41:00,Back Room
108010459,525,2022-08-18 02:50:00,Produce
646082097,185,2023-03-25 15:20:00,Back Room
646082097,817,2021-04-27 14:57:00,Aisle 4
458751604,1763,2023-07-21 21:25:00,Back Room
458751604,623,2021-01-11 14:26:00,Aisle 5
37502990,604,2021-03-10 14:16:00,Back Room
37502990,646,2021-06-29 04:10:00,Aisle 7
783007898,1698,2025-03-03 23:54:00,Back Room
783007898,19,2020-04-17 23:50:00,Produce
113801539,1570,2021-03-14 15:31:00,Back Room
113801539,567,2021-03-15 01:02:00,Aisle 3
847067977,1939,2022-06-17 07:40:00,Back Room
847067977,235,2020-02-28 02:26:00,Aisle 5
659623749,1666,2021-06-18 23:34:00,Back Room
659623749,206,2020-09-07 09:20:00,Aisle 9
511573711,959,2021-12-31 06:49:00,Back Room
511573711,235,2021-12-31 22:03:00,Aisle 2
509081295,1157,2021-11-14 08:40:00,Back Room
509081295,25,2022-01-19 02:19:00,Aisle 5
762180597,1250,2023-03-12 09:57:00,Back Room
762180597,916,2022-11-20 17:59:00,Aisle 3
120381084,1502,2024-10-04 15:23:00,Back Room
120381084,396,2020-08-28 01:45:00,Produce
472834023,1605,2022-02-18 12:57:00,Back Room
472834023,873,2022-05-26 23:02:00,Aisle 2
644391373,1638,2020-12-21 15:38:00,Back Room
644391373,653,2022-08-05 08:04:00,Aisle 2
666745470,1229,2024-07-31 00:59:00,Back Room
666745470,845,2021-12-11 10:41:00,Aisle 8
471297519,343,2025-03-14 23:19:00,Back Room
471297519,9,2022-02-22 18:33:00,Produce
139236295,1178,2025-01-14 22:08:00,Back Room
139236295,533,2020-01-07 09:28:00,Aisle 1
871785956,1117,2025-08-18 03:58:00,Back Room
871785956,490,2020-06-16 20:50:00,Aisle 4
799889642,38,2025-02-08 11:18:00,Back Room
799889642,278,2022-10-28 10:39:00,Aisle 3
280163483,1750,2020-12-07 07:20:00,Back Room
280163483,747,2020-12-02 16:38:00,Aisle 2
776906282,1718,2024-09-28 11:12:00,Back Room
776906282,497,2020-05-11 13:07:00,Aisle 2
27839445,1843,2020-06-12 12:00:00,Back Room
27839445,216,2021-04-12 02:46:00,Aisle 5
153046574,1714,2021-09-13 22:33:00,Back Room
153046574,266,2022-01-23 06:08:00,Aisle 4
453051252,1001,2021-03-14 09:59:00,Back Room
453051252,13,2022-04-09 17:44:00,Produce
255060441,183,2025-02-27 15:40:00,Back Room
255060441,663,2020-01-03 02:40:00,Aisle 5
428536560,1163,2024-06-05 07:13:00,Back Room
428536560,576,2020-07-24 13:24:00,Aisle 3
956703657,1088,2020-05-23 23:00:00,Back Room
956703657,588,2022-06-15 12:50:00,Aisle 5
83533438,1461,2020-08-11 00:56:00,Back Room
83533438,791,2022-01-16 20:27:00,Aisle 2
174832575,344,2023-01-06 20:35:00,Back Room
174832575,851,2022-12-26 01:45:00,Aisle 2
816813156,1911,2021-06-25 02:17:00,Back Room
816813156,795,2020-12-19 21:33:00,Aisle 2
837525010,1349,2022-03-09 02:34:00,Back Room
837525010,423,2022-09-11 20:49:00,Produce
384921031,1319,2024-03-24 15:29:00,Back Room
384921031,267,2021-07-07 16:20:00,Aisle 5
573637594,720,2024-09-29 18:01:00,Back Room
573637594,627,2022-09-07 09:41:00,Aisle 5
919749007,1293,2025-05-24 03:53:00,Back Room
919749007,832,2022-09-26 16:38:00,Aisle 5
681178740,1474,2020-01-25 01:04:00,Back Room
681178740,315,2020-08-02 22:14:00,Aisle 1
512423001,1867,2021-12-16 03:07:00,Back Room
512423001,94,2022-02-07 21:07:00,Aisle 7
394987118,666,2022-04-08 14:53:00,Back Room
394987118,799,2022-12-11 10:02:00,Produce
93444940,1259,2021-10-12 14:30:00,Back Room
93444940,772,2022-09-05 02:38:00,Aisle 3
402938402,354,2025-04-23 16:29:00,Back Room
402938402,681,2020-06-10 13:46:00,Aisle 4
92360229,1797,2024-04-18 19:36:00,Back Room
92360229,966,2021-01-15 19:45:00,Aisle 6
4896923,1831,2023-06-01 18:59:00,Back Room
4896923,721,2021-03-16 20:36:00,Produce
844855090,497,2020-10-03 10:54:00,Back Room
844855090,405,2020-11-24 14:28:00,Aisle 3
811683375,410,2021-06-29 23:09:00,Back Room
811683375,582,2020-10-02 13:25:00,Aisle 3
170820416,1969,2022-10-25 04:14:00,Back Room
170820416,283,2020-08-28 19:54:00,Aisle 8
356813194,327,2025-09-07 22:01:00,Back Room
356813194,79,2022-03-20 10:35:00,Aisle 6
47110299,1045,2021-02-06 16:14:00,Back Room
47110299,630,2020-09-24 20:37:00,Aisle 7
524835435,487,2025-08-25 17:24:00,Back Room
524835435,517,2021-12-06 14:34:00,Aisle 8
10135093,557,2022-05-19 23:58:00,Back Room
10135093,247,2022-11-28 17:27:00,Aisle 5
102638167,611,2025-09-11 09:21:00,Back Room
102638167,680,2020-11-01 09:23:00,Produce
192847489,563,2021-06-15 21:05:00,Back Room
192847489,474,2022-12-08 11:22:00,Aisle 7
405868475,854,2025-11-03 13:02:00,Back Room
405868475,244,2020-08-01 23:46:00,Aisle 8
710974993,938,2022-11-06 15:42:00,Back Room
710974993,218,2021-06-05 21:44:00,Aisle 4
87312416,986,2021-11-23 01:02:00,Back Room
87312416,373,2022-07-29 08:32:00,Aisle 7
543369077,1498,2021-09-18 17:20:00,Back Room
543369077,212,2022-10-19 08:33:00,Aisle 2
996049992,782,2025-12-13 04:37:00,Back Room
996049992,395,2021-01-17 23:26:00,Aisle 7
775493174,692,2021-07-31 05:52:00,Back Room
775493174,80,2021-08-02 02:10:00,Produce
500002880,233,2021-02-18 23:42:00,Back Room
500002880,200,2022-03-08 09:21:00,Aisle 6
257046496,1327,2025-08-15 22:30:00,Back Room
257046496,834,2020-11-10 15:05:00,Aisle 4
504645103,71,2023-10-19 06:37:00,Back Room
504645103,965,2021-04-21 09:55:00,Produce
390144042,1277,2023-11-13 23:45:00,Back Room
390144042,776,2020-03-19 10:50:00,Aisle 2
363897852,1013,2021-08-30 01:41:00,Back Room
363897852,612,2020-10-25 05:49:00,Aisle 7
340535638,902,2021-02-11 23:51:00,Back Room
340535638,456,2021-05-27 22:22:00,Aisle 5
151827626,1586,2024-03-04 10:48:00,Back Room
151827626,279,2020-08-14 12:29:00,Aisle 8
439946848,411,2025-04-25 09:24:00,Back Room
439946848,13,2022-05-26 12:03:00,Aisle 2
207124314,1050,2024-04-18 11:23:00,Back Room
207124314,537,2021-12-07 17:20:00,Aisle 6
787601881,308,2023-12-04 07:44:00,Back Room
787601881,488,2020-03-12 02:25:00,Produce
428071616,938,2024-02-08 07:42:00,Back Room
428071616,614,2021-09-22 00:47:00,Aisle 9
225555450,908,2020-07-18 02:03:00,Back Room
225555450,982,2022-10-18 12:17:00,Aisle 6
260639850,1456,2025-02-15 22:06:00,Back Room
260639850,262,2020-12-05 01:49:00,Aisle 6
204630380,1872,2021-08-02 16:36:00,Back Room
204630380,202,2021-04-25 06:04:00,Aisle 4
216139570,92,2025-05-07 09:46:00,Back Room
216139570,774,2022-03-23 18:52:00,Aisle 3
718178071,87,2023-10-30 00:57:00,Back Room
718178071,817,2021-06-13 10:50:00,Produce
668852095,430,2020-02-23 11:32:00,Back Room
668852095,705,2022-11-21 05:10:00,Aisle 2
805170268,1625,2023-05-04 18:15:00,Back Room
805170268,992,2020-03-16 07:34:00,Aisle 4
773716510,1744,2024-11-14 08:04:00,Back Room
773716510,703,2021-04-19 15:42:00,Aisle 1
269845541,1253,2023-11-07 19:21:00,Back Room
269845541,554,2021-05-14 23:14:00,Aisle 6
534158940,1626,2022-02-23 19:54:00,Back Room
534158940,731,2022-07-10 23:57:00,Aisle 9
900888163,288,2020-11-04 23:15:00,Back Room
900888163,669,2022-09-17 02:49:00,Aisle 2
876533719,1250,2024-06-07 17:25:00,Back Room
876533719,49,2020-05-11 13:21:00,Aisle 4
475469507,893,2022-08-29 12:40:00,Back Room
475469507,981,2021-03-02 04:04:00,Aisle 4
236217519,1328,2023-09-15 16:24:00,Back Room
236217519,663,2021-06-18 00:54:00,Produce
864350825,1480,2023-11-01 08:01:00,Back Room
864350825,344,2021-08-25 08:39:00,Aisle 4
182229797,608,2023-08-07 08:29:00,Back Room
182229797,676,2020-10-28 16:17:00,Aisle 2
23229563,1546,2022-05-08 15:10:00,Back Room
23229563,776,2022-10-01 14:55:00,Produce
195746374,104,2023-04-29 10:52:00,Back Room
195746374,914,2022-07-17 01:12:00,Aisle 3
34186377,250,2024-07-28 11:13:00,Back Room
34186377,441,2020-08-20 03:00:00,Produce
58566120,1767,2024-07-31 07:38:00,Back Room
58566120,999,2020-06-17 03:03:00,Aisle 7
453005548,1617,2024-12-16 10:34:00,Back Room
453005548,989,2022-10-20 13:14:00,Aisle 7
634441386,1032,2021-09-09 04:33:00,Back Room
634441386,845,2020-04-08 20:22:00,Aisle 6
722292379,264,2024-03-02 07:14:00,Back Room
722292379,407,2021-01-18 04:24:00,Aisle 2
321571477,1738,2023-02-18 13:58:00,Back Room
321571477,911,2022-12-04 04:01:00,Aisle 7
978166524,63,2024-10-13 00:40:00,Back Room
978166524,904,2021-10-17 21:12:00,Aisle 1
313725817,1099,2020-07-07 19:05:00,Back Room
313725817,781,2022-05-08 16:49:00,Aisle 2
333345283,1730,2022-08-26 01:43:00,Back Room
333345283,468,2021-08-16 05:06:00,Aisle 1
669739431,172,2024-10-16 03:08:00,Back Room
669739431,853,2022-03-02 19:28:00,Aisle 9
547999259,1014,2022-03-24 09:20:00,Back Room
547999259,424,2021-01-27 18:07:00,Aisle 1
668332736,247,2021-06-17 10:15:00,Back Room
668332736,948,2021-03-06 05:10:00,Aisle 6
244475937,1631,2023-05-07 17:27:00,Back Room
244475937,309,2020-05-25 10:29:00,Aisle 1
507417252,1224,2025-11-10 14:02:00,Back Room
507417252,167,2021-02-20 18:35:00,Produce
332217618,960,2020-08-16 05:32:00,Back Room
332217618,200,2020-11-22 17:31:00,Aisle 4
313596865,37,2025-12-17 19:32:00,Back Room
313596865,609,2022-01-26 05:09:00,Aisle 5
353102072,366,2022-05-26 12:35:00,Back Room
353102072,265,2022-07-18 07:31:00,Aisle 8
202766545,29,2020-12-29 05:23:00,Back Room
202766545,467,2020-05-10 05:18:00,Aisle 7
244414293,525,2021-08-10 14:54:00,Back Room
244414293,561,2022-08-19 02:47:00,Produce
520791477,42,2021-08-08 02:33:00,Back Room
520791477,593,2021-02-10 11:49:00,Aisle 7
566450213,727,2025-02-10 06:29:00,Back Room
566450213,824,2022-07-09 15:54:00,Aisle 3
217915938,2,2023-06-21 00:36:00,Back Room
217915938,810,2022-08-15 09:23:00,Aisle 2
365363508,1313,2023-04-24 18:18:00,Back Room
365363508,506,2020-04-07 19:29:00,Produce
795865345,1350,2021-02-23 00:35:00,Back Room
795865345,356,2022-11-13 09:19:00,Produce
80482626,1907,2021-04-20 02:22:00,Back Room
80482626,840,2022-06-09 07:14:00,Aisle 5
216616850,1213,2023-01-28 19:12:00,Back Room
216616850,733,2022-01-22 10:47:00,Aisle 7
11987700,797,2023-10-30 04:41:00,Back Room
11987700,308,2022-03-17 10:44:00,Aisle 7
251887946,188,2025-02-01 10:59:00,Back Room
251887946,808,2021-01-06 11:35:00,Produce
327470270,431,2021-03-07 10:54:00,Back Room
327470270,260,2020-06-21 21:36:00,Aisle 7
633800753,1554,2025-07-31 05:12:00,Back Room
633800753,44,2021-09-14 20:08:00,Aisle 5
490488982,1775,2023-10-21 07:51:00,Back Room
490488982,136,2021-09-18 01:43:00,Aisle 7
568494710,1263,2021-10-14 11:32:00,Back Room
568494710,327,2021-12-02 03:40:00,Aisle 8
582549671,173,2022-06-21 04:09:00,Back Room
582549671,456,2020-06-10 21:35:00,Aisle 2
953404799,1978,2020-09-01 23:48:00,Back Room
953404799,531,2021-11-02 14:53:00,Aisle 5
324670377,533,2024-04-12 01:55:00,Back Room
324670377,879,2020-04-28 11:15:00,Produce
779835130,215,2020-06-11 04:17:00,Back Room
779835130,74,2020-04-08 11:45:00,Aisle 3
106129661,625,2024-04-28 08:21:00,Back Room
106129661,35,2020-02-28 11:41:00,Produce
649861882,1120,2020-12-31 18:13:00,Back Room
649861882,889,2022-10-01 03:25:00,Produce
292791503,675,2025-07-19 13:00:00,Back Room
292791503,265,2020-10-30 19:00:00,Aisle 6
846546679,808,2023-05-07 12:49:00,Back Room
846546679,988,2021-07-27 03:38:00,Aisle 3
834421629,1280,2020-04-09 00:38:00,Back Room
834421629,615,2020-10-09 15:54:00,Aisle 4
379767448,989,2021-01-15 19:41:00,Back Room
379767448,108,2021-01-07 07:08:00,Aisle 1
609747378,179,2024-08-13 19:34:00,Back Room
609747378,669,2020-01-06 09:34:00,Aisle 9
69667669,691,2020-09-09 19:25:00,Back Room
69667669,48,2020-11-16 08:55:00,Aisle 2
332793686,157,2023-05-17 22:08:00,Back Room
332793686,23,2022-06-16 22:06:00,Produce
736202752,1986,2021-06-22 10:26:00,Back Room
736202752,802,2022-08-19 17:34:00,Aisle 5
366365270,1272,2021-08-20 11:01:00,Back Room
366365270,267,2020-04-14 07:29:00,Aisle 2
605388382,912,2021-06-27 22:02:00,Back Room
605388382,484,2020-11-11 16:12:00,Aisle 8
98874203,992,2020-01-31 21:22:00,Back Room
98874203,971,2021-08-27 06:00:00,Produce
742532733,195,2023-10-28 17:28:00,Back Room
742532733,606,2021-11-22 12:45:00,Aisle 6
545558249,1860,2025-05-09 14:30:00,Back Room
545558249,545,2021-12-31 04:49:00,Produce
668465582,217,2022-01-01 10:30:00,Back Room
668465582,53,2021-08-10 10:51:00,Aisle 9
624046098,6,2025-01-27 04:36:00,Back Room
624046098,260,2022-04-17 06:54:00,Produce
183406907,1123,2025-09-10 20:49:00,Back Room
183406907,73,2021-03-08 04:17:00,Aisle 6
638556452,328,2022-07-14 12:35:00,Back Room
638556452,22,2022-02-15 05:41:00,Aisle 9
924029782,965,2023-08-18 20:37:00,Back Room
924029782,606,2021-08-19 15:59:00,Aisle 1
39660874,848,2021-06-11 22:53:00,Back Room
39660874,393,2021-09-24 15:35:00,Produce
341934708,1611,2022-03-02 07:31:00,Back Room
341934708,295,2020-03-06 05:32:00,Produce
841288190,767,2023-03-26 16:53:00,Back Room
841288190,37,2022-12-17 13:58:00,Produce
333017213,272,2023-11-20 04:48:00,Back Room
333017213,519,2020-07-16 03:27:00,Produce
331345914,1211,2022-03-23 01:33:00,Back Room
331345914,947,2021-01-05 17:58:00,Aisle 6
769500663,1828,2025-11-06 21:53:00,Back Room
769500663,365,2020-10-22 09:44:00,Aisle 5
969654572,129,2025-11-02 20:56:00,Back Room
969654572,536,2020-04-10 04:36:00,Aisle 5
190816047,1996,2020-09-11 06:54:00,Back Room
190816047,668,2020-07-08 07:05:00,Produce
380909912,234,2022-08-29 07:53:00,Back Room
380909912,487,2020-03-07 03:39:00,Aisle 4
536339929,1221,2020-05-31 01:27:00,Back Room
536339929,680,2021-05-11 09:25:00,Aisle 6
426949186,1268,2021-05-01 22:27:00,Back Room
426949186,553,2020-11-08 21:13:00,Aisle 1
735538354,105,2024-03-30 12:14:00,Back Room
735538354,561,2021-05-22 02:45:00,Aisle 9
523485176,1168,2025-03-07 07:54:00,Back Room
523485176,598,2022-07-23 12:00:00,Aisle 9
529689203,114,2025-04-24 16:19:00,Back Room
529689203,844,2022-12-04 22:04:00,Produce
65319287,68,2024-09-21 20:21:00,Back Room
65319287,62,2022-11-24 23:00:00,Aisle 3
340805446,533,2025-11-30 01:02:00,Back Room
340805446,49,2021-09-18 20:42:00,Aisle 8
623650904,0,2025-04-14 00:30:00,Back Room
623650904,242,2022-02-09 12:55:00,Aisle 2
780325858,1564,2025-12-03 12:01:00,Back Room
780325858,290,2021-05-23 00:01:00,Aisle 1
773277493,1303,2021-03-31 06:31:00,Back Room
773277493,611,2021-01-07 01:01:00,Aisle 8
776922069,1238,2024-04-27 21:09:00,Back Room
776922069,639,2022-02-19 20:55:00,Aisle 6
31027916,783,2020-01-18 13:01:00,Back Room
31027916,150,2020-05-23 05:32:00,Aisle 4
933380819,1379,2022-02-08 20:17:00,Back Room
933380819,25,2020-01-21 14:23:00,Aisle 9
889086433,965,2022-09-28 01:44:00,Back Room
889086433,143,2021-07-12 12:03:00,Aisle 9
960711802,1779,2025-02-19 20:48:00,Back Room
960711802,796,2020-11-22 12:49:00,Aisle 6
697398361,1777,2025-08-15 04:39:00,Back Room
697398361,95,2020-03-07 18:06:00,Aisle 3
579910340,1481,2022-03-09 23:17:00,Back Room
579910340,659,2022-09-12 06:41:00,Aisle 1
431273924,1816,2025-10-03 07:03:00,Back Room
431273924,980,2022-07-28 15:00:00,Aisle 3
199844941,1362,2022-01-06 09:47:00,Back Room
199844941,370,2020-02-28 23:11:00,Aisle 6
855117228,1620,2020-08-25 22:52:00,Back Room
855117228,788,2022-06-11 01:38:00,Aisle 7
360864476,469,2023-12-19 17:36:00,Back Room
360864476,741,2020-12-22 00:18:00,Produce
809652021,1587,2020-12-15 13:50:00,Back Room
809652021,267,2022-04-11 19:23:00,Aisle 8
997193287,994,2025-07-27 13:23:00,Back Room
997193287,637,2021-06-16 12:04:00,Aisle 3
612029747,448,2023-08-16 04:32:00,Back Room
612029747,711,2022-05-02 09:40:00,Aisle 3
963166119,568,2021-03-28 20:50:00,Back Room
963166119,566,2021-10-18 05:09:00,Aisle 7
985350771,377,2022-06-24 01:54:00,Back Room
985350771,530,2020-11-29 11:50:00,Produce
797374381,1279,2024-02-22 18:58:00,Back Room
797374381,206,2021-02-23 06:45:00,Aisle 3
793993784,1681,2024-04-25 10:49:00,Back Room
793993784,785,2020-01-16 16:58:00,Aisle 7
788730198,1470,2023-12-15 17:07:00,Back Room
788730198,162,2020-12-13 04:46:00,Aisle 7
688834219,1159,2024-07-01 05:52:00,Back Room
688834219,340,2020-01-19 13:13:00,Aisle 4
194281506,1497,2024-02-15 04:47:00,Back Room
194281506,690,2022-11-06 06:33:00,Aisle 6
223436108,1336,2025-10-13 02:55:00,Back Room
223436108,753,2020-01-27 00:58:00,Aisle 9
107080315,380,2023-05-09 01:32:00,Back Room
107080315,442,2021-10-19 07:55:00,Aisle 1
638443676,1852,2021-04-07 10:11:00,Back Room
638443676,629,2022-07-02 09:23:00,Aisle 2
556588945,615,2020-07-25 13:43:00,Back Room
556588945,221,2021-02-24 13:16:00,Aisle 3
381612090,1491,2024-02-20 15:54:00,Back Room
381612090,560,2021-02-26 10:58:00,Aisle 1
421258906,128,2024-08-01 09:24:00,Back Room
421258906,527,2022-11-01 17:53:00,Aisle 2
995850137,958,2020-11-11 18:39:00,Back Room
995850137,967,2020-09-13 09:06:00,Produce
323240269,55,2021-10-14 10:46:00,Back Room
323240269,380,2020-11-25 16:46:00,Produce
7134236,99,2025-04-22 02:36:00,Back Room
7134236,40,2022-08-22 10:06:00,Aisle 2
667330200,221,2022-08-30 03:56:00,Back Room
667330200,28,2022-03-22 04:13:00,Aisle 1
22867544,1653,2021-02-21 06:40:00,Back Room
22867544,608,2022-04-12 14:07:00,Produce
892772029,1180,2020-08-20 01:30:00,Back Room
892772029,320,2020-01-19 05:03:00,Aisle 6
576429690,1541,2021-01-01 17:07:00,Back Room
576429690,793,2020-10-12 20:30:00,Aisle 6
495873965,1155,2023-02-14 14:16:00,Back Room
495873965,405,2021-08-05 21:25:00,Aisle 4
189749553,1638,2022-04-30 00:05:00,Back Room
189749553,120,2021-02-07 11:16:00,Aisle 4
961207053,118,2025-03-26 12:04:00,Back Room
961207053,31,2020-05-27 13:12:00,Aisle 2
551294992,1815,2025-02-14 15:52:00,Back Room
551294992,935,2020-09-23 13:43:00,Aisle 1
204648112,1335,2021-08-22 21:06:00,Back Room
204648112,982,2020-01-08 21:12:00,Aisle 4
748017758,454,2022-02-28 04:35:00,Back Room
748017758,708,2022-04-04 21:35:00,Aisle 3
733287959,506,2023-06-07 04:30:00,Back Room
733287959,550,2022-12-23 19:48:00,Produce
688574253,1915,2025-03-27 07:53:00,Back Room
688574253,800,2020-06-14 06:12:00,Produce
31523652,963,2020-03-03 15:31:00,Back Room
31523652,677,2022-08-18 09:21:00,Produce
802873085,766,2021-09-05 20:26:00,Back Room
802873085,781,2021-04-21 23:12:00,Aisle 5
73762830,322,2025-12-29 05:12:00,Back Room
73762830,696,2020-11-23 18:08:00,Produce
464584099,1175,2022-11-25 01:43:00,Back Room
464584099,702,2020-04-14 03:55:00,Aisle 2
635949497,54,2023-10-26 09:53:00,Back Room
635949497,361,2021-09-22 19:03:00,Aisle 6
102909811,912,2025-07-28 22:30:00,Back Room
102909811,509,2020-02-23 21:11:00,Produce
596451834,1980,2023-04-08 16:40:00,Back Room
596451834,30,2021-10-31 15:07:00,Produce
628703332,445,2021-09-14 09:42:00,Back Room
628703332,606,2022-10-21 02:17:00,Aisle 2
297238484,1878,2022-12-11 02:56:00,Back Room
297238484,471,2021-09-25 13:23:00,Aisle 7
276945991,918,2021-07-12 11:59:00,Back Room
276945991,878,2020-05-11 23:40:00,Aisle 1
791796964,1310,2021-11-17 02:40:00,Back Room
791796964,797,2021-07-05 11:20:00,Aisle 8
2752282,1207,2023-07-03 17:44:00,Back Room
2752282,242,2020-02-23 04:52:00,Aisle 4
41840906,912,2020-11-28 09:01:00,Back Room
41840906,921,2021-01-22 02:35:00,Produce
5599071,1663,2025-03-23 15:25:00,Back Room
5599071,670,2022-12-14 03:11:00,Aisle 3
538109322,458,2022-11-25 23:46:00,Back Room
538109322,852,2020-03-06 06:40:00,Aisle 4
54561059,446,2021-09-27 19:50:00,Back Room
54561059,859,2021-04-20 11:05:00,Aisle 1
26843165,1529,2025-06-28 19:10:00,Back Room
26843165,559,2020-05-27 18:15:00,Aisle 7
99034719,558,2024-11-14 23:35:00,Back Room
99034719,190,2021-09-25 01:01:00,Aisle 8
949067708,138,2025-10-23 22:47:00,Back Room
949067708,117,2020-10-23 16:35:00,Aisle 1
446320448,1176,2023-08-02 10:59:00,Back Room
446320448,473,2022-06-28 02:00:00,Produce
15858415,90,2024-01-24 04:00:00,Back Room
15858415,528,2021-03-29 05:49:00,Aisle 3
186987467,767,2022-11-15 20:19:00,Back Room
186987467,808,2021-12-09 01:17:00,Aisle 8
712372162,1313,2023-01-07 10:02:00,Back Room
712372162,784,2022-01-09 12:19:00,Aisle 7
622099556,1897,2022-09-12 19:59:00,Back Room
622099556,191,2021-03-08 04:03:00,Aisle 2
865233188,368,2025-09-09 08:18:00,Back Room
865233188,439,2020-07-22 21:04:00,Aisle 4
554145933,1782,2021-08-10 22:47:00,Back Room
554145933,107,2022-02-16 02:13:00,Produce
181253113,128,2020-08-14 14:48:00,Back Room
181253113,914,2022-04-17 04:43:00,Aisle 2
334036234,176,2020-05-26 16:09:00,Back Room
334036234,6,2022-02-20 04:35:00,Aisle 6
227562988,1792,2021-07-14 21:27:00,Back Room
227562988,516,2021-01-14 06:57:00,Aisle 1
609201400,1002,2025-07-08 08:56:00,Back Room
609201400,488,2022-05-15 19:09:00,Produce
773694980,1974,2024-08-17 21:31:00,Back Room
773694980,869,2022-03-02 12:36:00,Produce
410714361,894,2025-06-18 10:34:00,Back Room
410714361,580,2020-07-11 08:53:00,Aisle 6
656280772,1260,2020-02-11 08:07:00,Back Room
656280772,459,2021-07-18 02:43:00,Produce
117553264,1368,2021-02-03 18:59:00,Back Room
117553264,128,2022-09-22 06:27:00,Aisle 5
850409767,93,2024-12-28 18:31:00,Back Room
850409767,252,2020-06-10 20:45:00,Aisle 7
269715238,1540,2022-06-03 00:09:00,Back Room
269715238,218,2022-08-23 06:07:00,Produce
267001556,703,2021-02-14 07:51:00,Back Room
267001556,330,2020-02-13 18:56:00,Aisle 2
200291799,1433,2025-05-19 13:15:00,Back Room
200291799,271,2022-03-05 14:22:00,Aisle 2
11229075,1978,2020-08-27 08:55:00,Back Room
11229075,682,2021-12-21 23:05:00,Aisle 4
945327463,1335,2022-02-04 20:27:00,Back Room
945327463,228,2021-05-25 05:59:00,Aisle 2
373254514,1814,2023-12-26 13:47:00,Back Room
373254514,151,2021-07-17 19:29:00,Aisle 6
631909539,175,2025-07-16 20:58:00,Back Room
631909539,699,2022-07-17 23:29:00,Aisle 9
61439162,518,2022-04-06 21:43:00,Back Room
61439162,423,2020-07-13 18:26:00,Produce
382652671,673,2024-06-23 19:49:00,Back Room
382652671,265,2020-04-19 12:56:00,Produce
400556998,722,2022-12-14 23:15:00,Back Room
400556998,817,2021-10-13 21:57:00,Aisle 2
536669737,491,2025-12-05 11:06:00,Back Room
536669737,20,2022-08-04 03:04:00,Aisle 2
