transactionID,time,item,amt
1,2008-06-10 14:32:00,343173689,6
1,2008-06-10 14:32:00,677986084,6
1,2008-06-10 14:32:00,691163319,3
1,2008-06-10 14:32:00,90572196,8
1,2008-06-10 14:32:00,409749832,10
1,2008-06-10 14:32:00,938223348,5
1,2008-06-10 14:32:00,145619465,8
1,2008-06-10 14:32:00,829191978,8
1,2008-06-10 14:32:00,615685840,8
1,2008-06-11 05:32:00,539476394,7
1,2008-06-11 05:32:00,756901493,6
1,2008-06-11 05:32:00,419735990,8
1,2008-06-11 05:32:00,327387984,2
1,2008-06-11 05:32:00,972724016,6
1,2008-06-11 05:32:00,517117734,3
1,2008-06-11 05:32:00,349199810,6
1,2008-06-11 05:32:00,590023416,8
1,2008-06-11 05:32:00,525866237,10
1,2008-06-11 05:32:00,909037657,3
1,2008-06-11 05:32:00,986413129,8
1,2008-06-11 05:32:00,483083247,8
1,2008-06-11 05:32:00,215902683,10
1,2008-06-11 05:32:00,422071945,4
1,2008-06-11 05:32:00,583251439,4
1,2008-06-11 05:32:00,826729842,8
1,2008-06-11 05:32:00,518650367,6
1,2008-06-11 05:32:00,746574822,10
1,2008-06-11 05:32:00,731855504,6
1,2008-06-11 05:32:00,693674668,8
1,2008-06-11 05:32:00,588043122,9
1,2008-06-11 05:32:00,276817485,3
1,2008-06-11 05:32:00,526066348,10
1,2008-06-11 05:32:00,944402569,8
1,2008-06-11 05:32:00,286833294,9
1,2008-06-11 05:32:00,924623821,1
2,2008-06-11 09:32:00,529028660,2
2,2008-06-11 09:32:00,757283748,5
2,2008-06-11 09:32:00,678500793,3
2,2008-06-11 09:32:00,745166936,2
2,2008-06-11 09:32:00,526636216,7
2,2008-06-11 09:32:00,423453562,4
2,2008-06-11 09:32:00,247282562,3
2,2008-06-11 09:32:00,806309640,3
2,2008-06-11 09:32:00,786237353,7
2,2008-06-11 09:32:00,337077008,1
2,2008-06-11 09:32:00,516457973,5
2,2008-06-11 09:32:00,37066515,2
3,2008-06-11 12:32:00,288540009,8
3,2008-06-11 12:32:00,182179438,7
3,2008-06-11 12:32:00,968093856,2
3,2008-06-11 12:32:00,97352827,9
3,2008-06-11 12:32:00,339123848,10
3,2008-06-11 12:32:00,932085167,5
3,2008-06-11 12:32:00,290411931,6
3,2008-06-11 12:32:00,200932668,1
3,2008-06-11 12:32:00,224222431,10
3,2008-06-11 12:32:00,653618796,7
3,2008-06-11 12:32:00,419165870,2
3,2008-06-11 12:32:00,21741040,5
3,2008-06-11 12:32:00,4138487,5
3,2008-06-11 12:32:00,483083247,7
3,2008-06-11 12:32:00,84004253,4
3,2008-06-11 12:32:00,913895339,3
3,2008-06-11 12:32:00,56842878,2
3,2008-06-11 12:32:00,992629181,6
3,2008-06-11 12:32:00,276438774,2
3,2008-06-11 12:32:00,720055763,6
3,2008-06-11 12:32:00,404416650,6
1,2008-06-12 12:32:00,377619089,3
1,2008-06-12 12:32:00,113207001,1
1,2008-06-12 12:32:00,920565333,3
1,2008-06-12 12:32:00,973271111,10
1,2008-06-12 12:32:00,683683639,8
1,2008-06-12 12:32:00,153130745,3
1,2008-06-12 12:32:00,151124462,10
1,2008-06-12 12:32:00,373937659,10
1,2008-06-12 12:32:00,783331226,3
1,2008-06-12 12:32:00,664452395,10
1,2008-06-12 12:32:00,542806372,6
1,2008-06-12 12:32:00,804240503,3
1,2008-06-12 12:32:00,752156259,3
1,2008-06-12 12:32:00,560013183,1
1,2008-06-12 12:32:00,579921773,10
1,2008-06-12 12:32:00,407769096,10
2,2008-06-12 17:32:00,242256612,5
2,2008-06-12 17:32:00,373794195,8
2,2008-06-12 17:32:00,492240883,8
2,2008-06-12 17:32:00,341934708,8
2,2008-06-12 17:32:00,442693616,10
2,2008-06-12 17:32:00,81232462,10
2,2008-06-12 17:32:00,197728340,1
2,2008-06-12 17:32:00,844729923,2
2,2008-06-12 17:32:00,973852515,2
2,2008-06-12 17:32:00,610694372,9
2,2008-06-12 17:32:00,474548949,1
2,2008-06-12 17:32:00,8077669,2
2,2008-06-12 17:32:00,812175421,10
2,2008-06-12 17:32:00,450929043,5
2,2008-06-12 17:32:00,2877698,5
3,2008-06-12 19:32:00,288890934,10
3,2008-06-12 19:32:00,342041516,2
3,2008-06-12 19:32:00,18239762,2
3,2008-06-12 19:32:00,471041218,10
3,2008-06-12 19:32:00,714775457,8
3,2008-06-12 19:32:00,752344324,1
3,2008-06-12 19:32:00,225324764,5
3,2008-06-12 19:32:00,687326036,8
3,2008-06-12 19:32:00,75876312,1
3,2008-06-12 19:32:00,814497287,7
3,2008-06-12 19:32:00,386153689,9
3,2008-06-12 19:32:00,615591815,9
3,2008-06-12 19:32:00,281841478,5
3,2008-06-12 19:32:00,546921739,2
3,2008-06-12 19:32:00,827852519,1
3,2008-06-12 19:32:00,785609310,6
3,2008-06-12 19:32:00,605067795,6
1,2008-06-13 19:32:00,843760410,6
1,2008-06-13 19:32:00,295126696,1
1,2008-06-13 19:32:00,853242794,7
1,2008-06-13 19:32:00,307538617,1
1,2008-06-13 19:32:00,404241897,9
1,2008-06-13 19:32:00,243004670,9
1,2008-06-13 19:32:00,873239892,6
1,2008-06-13 19:32:00,936935804,8
1,2008-06-13 19:32:00,657254676,3
1,2008-06-13 19:32:00,345213228,1
1,2008-06-14 05:32:00,122444697,1
1,2008-06-14 05:32:00,740599617,2
1,2008-06-14 05:32:00,982051334,3
1,2008-06-14 05:32:00,947750550,6
1,2008-06-14 05:32:00,314904064,8
1,2008-06-14 05:32:00,60558626,10
1,2008-06-14 05:32:00,480246035,3
1,2008-06-14 05:32:00,835823082,3
2,2008-06-14 19:32:00,64850989,10
2,2008-06-14 19:32:00,267567372,6
2,2008-06-14 19:32:00,969508170,6
2,2008-06-14 19:32:00,858250674,5
2,2008-06-14 19:32:00,290535042,10
2,2008-06-14 19:32:00,365320900,9
2,2008-06-14 19:32:00,703709282,6
2,2008-06-14 19:32:00,277116514,5
2,2008-06-14 19:32:00,759183261,3
2,2008-06-14 19:32:00,382925663,10
2,2008-06-14 19:32:00,945789315,3
1,2008-06-15 19:32:00,347933808,10
1,2008-06-15 19:32:00,837525010,1
1,2008-06-15 19:32:00,338138335,9
1,2008-06-15 19:32:00,509226257,3
1,2008-06-15 19:32:00,716482930,4
1,2008-06-16 08:32:00,75102473,4
1,2008-06-16 08:32:00,940357209,1
1,2008-06-16 08:32:00,703770480,9
1,2008-06-16 08:32:00,184368234,10
1,2008-06-16 08:32:00,684048228,5
1,2008-06-16 08:32:00,489112069,10
1,2008-06-16 08:32:00,83807187,2
1,2008-06-16 08:32:00,391294889,9
1,2008-06-16 08:32:00,528832645,1
1,2008-06-16 08:32:00,691743441,2
1,2008-06-16 08:32:00,703730347,2
1,2008-06-16 08:32:00,43150929,1
1,2008-06-16 08:32:00,9111277,6
1,2008-06-16 08:32:00,138320668,2
1,2008-06-16 08:32:00,163130271,4
1,2008-06-16 08:32:00,814322058,4
1,2008-06-16 08:32:00,722000530,3
1,2008-06-16 08:32:00,135962395,2
1,2008-06-16 08:32:00,584367897,1
1,2008-06-16 08:32:00,320569211,5
1,2008-06-16 08:32:00,242111769,2
1,2008-06-16 08:32:00,549428880,5
1,2008-06-16 08:32:00,771066523,8
1,2008-06-16 08:32:00,618858350,1
1,2008-06-16 08:32:00,499115688,9
1,2008-06-16 08:32:00,652380202,4
1,2008-06-16 08:32:00,992430472,5
1,2008-06-16 08:32:00,342118989,6
1,2008-06-16 08:32:00,738085908,9
2,2008-06-16 09:32:00,556478807,3
2,2008-06-16 09:32:00,592308665,4
2,2008-06-16 09:32:00,102646471,10
2,2008-06-16 09:32:00,638731394,5
2,2008-06-16 09:32:00,795674671,8
1,2008-06-17 09:32:00,103395105,6
1,2008-06-17 09:32:00,763990038,3
1,2008-06-17 09:32:00,679085935,2
1,2008-06-17 09:32:00,293245111,1
1,2008-06-17 09:32:00,94445038,10
1,2008-06-17 09:32:00,355538167,3
1,2008-06-17 09:32:00,271392622,4
1,2008-06-17 09:32:00,58303042,10
1,2008-06-17 09:32:00,864748218,2
1,2008-06-17 09:32:00,660194327,1
1,2008-06-17 09:32:00,631144402,8
1,2008-06-17 09:32:00,211122487,10
1,2008-06-17 09:32:00,893867092,8
1,2008-06-17 09:32:00,937832008,2
1,2008-06-17 09:32:00,261637056,10
1,2008-06-17 09:32:00,396620050,7
1,2008-06-17 09:32:00,590401712,2
1,2008-06-17 09:32:00,816815462,2
2,2008-06-17 17:32:00,764276645,3
2,2008-06-17 17:32:00,587233973,7
2,2008-06-17 17:32:00,72246113,10
2,2008-06-17 17:32:00,99081675,10
2,2008-06-17 17:32:00,460335309,3
2,2008-06-17 17:32:00,5563634,1
2,2008-06-17 17:32:00,170358491,5
2,2008-06-17 17:32:00,975563142,9
2,2008-06-17 17:32:00,117770319,8
2,2008-06-17 17:32:00,96292844,1
2,2008-06-17 17:32:00,925190843,10
2,2008-06-17 17:32:00,97243317,6
2,2008-06-17 17:32:00,829731510,1
2,2008-06-17 17:32:00,432483762,5
2,2008-06-17 17:32:00,822564529,2
2,2008-06-17 17:32:00,654152377,9
2,2008-06-17 17:32:00,560111155,6
2,2008-06-17 17:32:00,261487683,9
2,2008-06-17 17:32:00,940047958,3
2,2008-06-17 17:32:00,555377466,5
2,2008-06-17 17:32:00,75425471,7
1,2008-06-18 09:32:00,477501549,10
1,2008-06-18 09:32:00,688814900,5
1,2008-06-18 09:32:00,199151621,2
1,2008-06-18 09:32:00,263817749,10
2,2008-06-18 19:32:00,232969238,6
2,2008-06-18 19:32:00,752807965,6
2,2008-06-18 19:32:00,198807572,8
2,2008-06-18 19:32:00,380909912,7
2,2008-06-18 19:32:00,224135007,6
2,2008-06-18 19:32:00,789794809,7
2,2008-06-18 19:32:00,400913638,9
2,2008-06-18 19:32:00,211514371,5
2,2008-06-18 19:32:00,174285238,8
2,2008-06-18 19:32:00,911984125,10
2,2008-06-18 19:32:00,981018912,9
2,2008-06-18 19:32:00,403009233,7
2,2008-06-18 19:32:00,467096509,1
2,2008-06-18 19:32:00,308759867,6
2,2008-06-18 19:32:00,241933178,7
2,2008-06-18 19:32:00,214530991,10
1,2008-06-19 19:32:00,55817712,10
1,2008-06-19 19:32:00,944306708,9
1,2008-06-19 19:32:00,39412897,7
1,2008-06-19 19:32:00,63005692,8
1,2008-06-19 19:32:00,690217519,4
1,2008-06-19 19:32:00,354962151,2
1,2008-06-19 19:32:00,419187949,8
1,2008-06-20 00:32:00,163436299,6
1,2008-06-20 00:32:00,100948110,3
1,2008-06-20 00:32:00,341726984,5
1,2008-06-20 00:32:00,243020856,3
1,2008-06-20 00:32:00,425923230,7
1,2008-06-20 00:32:00,933601978,8
1,2008-06-20 00:32:00,396391282,1
1,2008-06-20 00:32:00,619268344,4
1,2008-06-20 00:32:00,360204557,4
1,2008-06-20 00:32:00,635726255,6
1,2008-06-20 00:32:00,237370797,8
1,2008-06-20 00:32:00,668692437,8
1,2008-06-20 00:32:00,134206611,4
1,2008-06-20 00:32:00,458981691,4
1,2008-06-20 00:32:00,453784525,8
1,2008-06-20 00:32:00,672130807,7
1,2008-06-20 00:32:00,157724655,6
1,2008-06-21 00:32:00,652380202,7
1,2008-06-21 00:32:00,980209052,7
1,2008-06-21 00:32:00,987143954,9
1,2008-06-21 00:32:00,719041094,7
1,2008-06-21 00:32:00,747068885,5
1,2008-06-21 00:32:00,189447223,10
1,2008-06-21 00:32:00,701585620,3
1,2008-06-21 00:32:00,30305089,4
1,2008-06-21 00:32:00,161090348,7
1,2008-06-21 00:32:00,85371567,4
1,2008-06-21 00:32:00,806264647,9
1,2008-06-22 00:32:00,225287307,6
1,2008-06-22 00:32:00,806309640,9
1,2008-06-22 00:32:00,33937587,5
1,2008-06-22 00:32:00,261233044,4
1,2008-06-22 00:32:00,964900012,5
1,2008-06-22 00:32:00,610524543,2
1,2008-06-22 00:32:00,83405220,1
1,2008-06-22 00:32:00,573618743,10
1,2008-06-22 00:32:00,756249024,8
1,2008-06-22 00:32:00,678878378,3
1,2008-06-22 00:32:00,313043308,5
1,2008-06-22 00:32:00,978731483,1
1,2008-06-22 00:32:00,203112955,10
1,2008-06-22 00:32:00,834376138,6
1,2008-06-22 00:32:00,488466735,8
1,2008-06-22 00:32:00,559930546,9
2,2008-06-22 08:32:00,864498596,1
2,2008-06-22 08:32:00,931601501,5
2,2008-06-22 08:32:00,551267519,6
2,2008-06-22 08:32:00,370234892,2
2,2008-06-22 08:32:00,232969238,5
2,2008-06-22 08:32:00,188918040,9
2,2008-06-22 08:32:00,678379349,7
2,2008-06-22 08:32:00,576135870,10
2,2008-06-22 08:32:00,400610349,4
2,2008-06-22 08:32:00,210042362,10
2,2008-06-22 08:32:00,606043406,5
2,2008-06-22 08:32:00,600367294,9
2,2008-06-22 08:32:00,398743310,7
2,2008-06-22 08:32:00,623650904,8
2,2008-06-22 08:32:00,923798003,6
2,2008-06-22 08:32:00,815604494,10
2,2008-06-22 08:32:00,632322849,3
2,2008-06-22 08:32:00,258396528,10
2,2008-06-22 08:32:00,870296488,8
2,2008-06-22 08:32:00,267470914,6
2,2008-06-22 08:32:00,245942030,5
2,2008-06-22 08:32:00,496029263,9
2,2008-06-22 08:32:00,855076635,9
2,2008-06-22 08:32:00,879101115,1
2,2008-06-22 08:32:00,301352019,1
2,2008-06-22 08:32:00,51878072,4
2,2008-06-22 08:32:00,505808891,3
2,2008-06-22 08:32:00,271884428,9
3,2008-06-22 10:32:00,406980980,10
3,2008-06-22 10:32:00,937428520,5
3,2008-06-22 10:32:00,922221443,10
3,2008-06-22 10:32:00,720128061,4
3,2008-06-22 10:32:00,609747378,10
3,2008-06-22 10:32:00,738507146,3
3,2008-06-22 10:32:00,970092525,8
3,2008-06-22 10:32:00,50994558,3
3,2008-06-22 10:32:00,528974886,2
3,2008-06-22 10:32:00,196304164,7
3,2008-06-22 10:32:00,946179487,8
3,2008-06-22 10:32:00,907946309,3
3,2008-06-22 10:32:00,569225080,9
3,2008-06-22 10:32:00,489902552,10
1,2008-06-23 10:32:00,607971635,2
1,2008-06-23 10:32:00,653618796,5
1,2008-06-23 10:32:00,731912920,2
1,2008-06-23 10:32:00,474833129,5
1,2008-06-23 10:32:00,737916726,5
1,2008-06-23 10:32:00,341934708,10
1,2008-06-23 10:32:00,999752308,9
1,2008-06-23 10:32:00,20338629,3
1,2008-06-23 10:32:00,757147499,4
1,2008-06-23 10:32:00,649485394,4
1,2008-06-23 10:32:00,812457381,10
1,2008-06-23 10:32:00,697127453,4
1,2008-06-23 10:32:00,419410680,8
1,2008-06-23 10:32:00,843896699,4
1,2008-06-23 10:32:00,120500199,4
1,2008-06-23 10:32:00,373962175,8
1,2008-06-23 10:32:00,751213703,1
2,2008-06-23 19:32:00,670381438,5
2,2008-06-23 19:32:00,947858088,3
2,2008-06-23 19:32:00,271351172,3
2,2008-06-23 19:32:00,281241973,10
2,2008-06-23 19:32:00,925475536,1
2,2008-06-23 19:32:00,483792918,1
2,2008-06-23 19:32:00,999420657,4
2,2008-06-23 19:32:00,627548690,1
2,2008-06-23 19:32:00,659220441,1
2,2008-06-23 19:32:00,481011091,7
2,2008-06-23 19:32:00,421667670,1
2,2008-06-23 19:32:00,687687371,7
2,2008-06-23 19:32:00,630111732,5
2,2008-06-23 19:32:00,163182792,2
2,2008-06-23 19:32:00,87648618,10
2,2008-06-23 19:32:00,281841478,4
2,2008-06-23 19:32:00,479664886,1
2,2008-06-23 19:32:00,442290420,6
2,2008-06-23 19:32:00,504737253,3
1,2008-06-24 19:32:00,563288461,2
1,2008-06-24 19:32:00,33112566,7
1,2008-06-24 19:32:00,294879254,3
1,2008-06-24 19:32:00,2470964,9
1,2008-06-24 19:32:00,901308730,9
1,2008-06-24 19:32:00,19494159,1
1,2008-06-24 19:32:00,656576004,6
1,2008-06-24 19:32:00,88805364,8
1,2008-06-25 07:32:00,617034776,9
1,2008-06-25 07:32:00,116886793,6
1,2008-06-26 07:32:00,925376423,8
1,2008-06-26 07:32:00,839658800,8
1,2008-06-26 07:32:00,502808098,6
1,2008-06-26 07:32:00,716043823,6
1,2008-06-26 07:32:00,668858805,2
1,2008-06-26 07:32:00,922221443,7
1,2008-06-26 07:32:00,515163034,10
1,2008-06-26 07:32:00,808488015,7
1,2008-06-26 07:32:00,56856820,3
1,2008-06-26 07:32:00,156934048,9
1,2008-06-26 07:32:00,258512016,8
1,2008-06-26 07:32:00,716150129,5
1,2008-06-26 07:32:00,821821337,2
1,2008-06-26 07:32:00,772293574,10
1,2008-06-26 07:32:00,751213703,2
1,2008-06-26 07:32:00,979537718,4
1,2008-06-26 07:32:00,754687852,2
1,2008-06-26 07:32:00,274606051,3
1,2008-06-26 07:32:00,290314187,7
1,2008-06-26 07:32:00,491844991,8
1,2008-06-26 07:32:00,315898183,6
1,2008-06-26 07:32:00,586841987,3
1,2008-06-26 07:32:00,364023433,2
1,2008-06-26 07:32:00,773925439,7
1,2008-06-26 07:32:00,260856577,1
1,2008-06-26 07:32:00,933008622,3
1,2008-06-26 07:32:00,185071485,1
1,2008-06-26 07:32:00,780368088,1
1,2008-06-26 07:32:00,679390684,4
1,2008-06-26 07:32:00,748413168,5
2,2008-06-26 14:32:00,554983699,3
2,2008-06-26 14:32:00,674663408,3
2,2008-06-26 14:32:00,411044194,1
2,2008-06-26 14:32:00,917105495,3
2,2008-06-26 14:32:00,136677175,9
2,2008-06-26 14:32:00,50994558,3
2,2008-06-26 14:32:00,707559252,1
2,2008-06-26 14:32:00,394987118,1
2,2008-06-26 14:32:00,199382222,3
2,2008-06-26 14:32:00,607041244,9
2,2008-06-26 14:32:00,209962022,8
2,2008-06-26 14:32:00,566790946,4
2,2008-06-26 14:32:00,733100964,9
2,2008-06-26 14:32:00,2566252,1
2,2008-06-26 14:32:00,484329298,10
2,2008-06-26 14:32:00,492977413,6
2,2008-06-26 14:32:00,845282609,2
2,2008-06-26 14:32:00,657987194,10
2,2008-06-26 14:32:00,605897911,4
2,2008-06-26 14:32:00,224277356,6
2,2008-06-26 14:32:00,962830586,1
2,2008-06-26 14:32:00,589370632,10
2,2008-06-26 14:32:00,158632054,3
2,2008-06-26 14:32:00,405034666,6
2,2008-06-26 14:32:00,745166936,6
2,2008-06-26 14:32:00,269874151,10
2,2008-06-26 14:32:00,229985610,7
3,2008-06-26 19:32:00,129093153,5
3,2008-06-26 19:32:00,950219454,3
3,2008-06-26 19:32:00,431273924,4
3,2008-06-26 19:32:00,228613391,3
3,2008-06-26 19:32:00,959489057,3
3,2008-06-26 19:32:00,234646765,6
3,2008-06-26 19:32:00,521397108,1
3,2008-06-26 19:32:00,218062164,10
3,2008-06-26 19:32:00,360080782,9
3,2008-06-26 19:32:00,854468400,1
3,2008-06-26 19:32:00,285150358,8
1,2008-06-27 19:32:00,904968561,5
1,2008-06-27 19:32:00,758576890,6
1,2008-06-27 19:32:00,430279624,1
1,2008-06-27 19:32:00,152326554,1
1,2008-06-27 19:32:00,755733876,2
1,2008-06-27 19:32:00,910267866,6
1,2008-06-27 19:32:00,310048474,6
1,2008-06-27 19:32:00,667327560,8
1,2008-06-27 19:32:00,130989485,1
1,2008-06-27 19:32:00,347533199,3
1,2008-06-27 19:32:00,206869956,8
1,2008-06-27 19:32:00,160890466,7
1,2008-06-27 19:32:00,84004253,2
1,2008-06-27 19:32:00,407076209,3
1,2008-06-27 19:32:00,321811152,4
1,2008-06-27 19:32:00,779634969,7
1,2008-06-27 19:32:00,763100601,3
1,2008-06-27 19:32:00,87081532,6
1,2008-06-27 19:32:00,695907640,8
1,2008-06-27 19:32:00,147396071,1
1,2008-06-27 19:32:00,160705257,6
1,2008-06-27 19:32:00,289944136,1
1,2008-06-27 19:32:00,635726255,6
1,2008-06-27 19:32:00,251736035,5
1,2008-06-27 19:32:00,133096878,8
1,2008-06-28 19:32:00,204913669,8
1,2008-06-28 19:32:00,753446094,7
1,2008-06-28 19:32:00,177685238,8
1,2008-06-28 19:32:00,343375188,4
1,2008-06-28 19:32:00,842587682,1
1,2008-06-28 19:32:00,643192729,7
1,2008-06-28 19:32:00,74208817,6
1,2008-06-28 19:32:00,662859268,4
1,2008-06-28 19:32:00,681099777,5
1,2008-06-28 19:32:00,528024112,1
1,2008-06-28 19:32:00,426927562,4
1,2008-06-28 19:32:00,637990392,7
1,2008-06-28 19:32:00,108992969,4
1,2008-06-28 19:32:00,683698674,8
1,2008-06-28 19:32:00,685603994,5
1,2008-06-28 19:32:00,426544788,4
1,2008-06-29 00:32:00,709590740,6
1,2008-06-29 00:32:00,131465239,9
1,2008-06-29 00:32:00,990342632,5
1,2008-06-29 00:32:00,922113539,6
1,2008-06-29 00:32:00,585113607,7
1,2008-06-29 00:32:00,501178788,8
1,2008-06-29 00:32:00,723900849,5
1,2008-06-29 00:32:00,304732378,7
1,2008-06-29 00:32:00,940418186,8
1,2008-06-29 00:32:00,857067044,5
1,2008-06-29 00:32:00,580993434,2
1,2008-06-29 00:32:00,63997532,9
1,2008-06-29 00:32:00,354580338,10
1,2008-06-29 00:32:00,264712222,8
1,2008-06-29 00:32:00,655843432,9
1,2008-06-29 00:32:00,75137007,7
1,2008-06-29 00:32:00,707711161,1
1,2008-06-29 00:32:00,963741762,3
1,2008-06-29 00:32:00,591326327,5
1,2008-06-29 00:32:00,729583195,5
1,2008-06-29 00:32:00,810320725,4
2,2008-06-29 01:32:00,161090348,6
2,2008-06-29 01:32:00,489633966,2
2,2008-06-29 01:32:00,178493022,6
2,2008-06-29 01:32:00,586306109,4
2,2008-06-29 01:32:00,426528249,7
2,2008-06-29 01:32:00,593488530,5
2,2008-06-29 01:32:00,961858710,9
2,2008-06-29 01:32:00,852291115,4
2,2008-06-29 01:32:00,459962421,9
2,2008-06-29 01:32:00,158578145,9
2,2008-06-29 01:32:00,790953194,9
1,2008-06-30 01:32:00,719849952,6
1,2008-06-30 01:32:00,53960962,4
1,2008-06-30 01:32:00,164769319,1
1,2008-06-30 01:32:00,457055300,9
1,2008-06-30 01:32:00,410071326,10
1,2008-06-30 01:32:00,808551636,3
1,2008-06-30 01:32:00,174832575,10
1,2008-06-30 01:32:00,864025711,9
1,2008-06-30 01:32:00,769533327,6
1,2008-06-30 01:32:00,195301517,7
1,2008-06-30 01:32:00,898553780,2
1,2008-06-30 01:32:00,33627014,9
1,2008-06-30 01:32:00,187972574,1
1,2008-06-30 01:32:00,11702212,4
1,2008-06-30 01:32:00,619566877,8
1,2008-06-30 01:32:00,212625934,6
1,2008-06-30 01:32:00,589370632,7
1,2008-06-30 01:32:00,183844287,4
1,2008-06-30 01:32:00,897796997,9
1,2008-06-30 01:32:00,374502444,4
1,2008-06-30 01:32:00,482328958,1
1,2008-06-30 01:32:00,383230792,1
1,2008-06-30 01:32:00,297686370,2
1,2008-06-30 01:32:00,102567791,1
1,2008-06-30 01:32:00,937184411,4
1,2008-06-30 01:32:00,396594014,10
1,2008-06-30 01:32:00,825428609,10
1,2008-06-30 01:32:00,428536560,7
1,2008-06-30 01:32:00,457283233,2
1,2008-06-30 01:32:00,98289649,8
1,2008-07-01 01:32:00,129443258,7
1,2008-07-01 01:32:00,533823255,5
1,2008-07-01 01:32:00,247474156,4
1,2008-07-01 01:32:00,84764783,4
1,2008-07-01 01:32:00,136844013,4
1,2008-07-01 01:32:00,189445724,5
1,2008-07-01 01:32:00,193920720,10
1,2008-07-01 01:32:00,867300324,7
1,2008-07-01 01:32:00,591010459,6
1,2008-07-01 01:32:00,737578247,10
1,2008-07-01 01:32:00,825933893,6
1,2008-07-01 01:32:00,826952837,10
1,2008-07-01 01:32:00,343619091,7
1,2008-07-01 01:32:00,106691797,4
1,2008-07-01 01:32:00,638848435,3
2,2008-07-01 06:32:00,853809801,10
2,2008-07-01 06:32:00,85873249,9
2,2008-07-01 06:32:00,490292666,4
2,2008-07-01 06:32:00,889312126,2
2,2008-07-01 06:32:00,13841959,3
2,2008-07-01 06:32:00,820290416,7
2,2008-07-01 06:32:00,368810789,7
2,2008-07-01 06:32:00,76856397,10
2,2008-07-01 06:32:00,822511370,2
2,2008-07-01 06:32:00,383726463,9
2,2008-07-01 06:32:00,667237661,2
2,2008-07-01 06:32:00,691930292,10
2,2008-07-01 06:32:00,986799967,4
1,2008-07-02 06:32:00,298656087,1
1,2008-07-02 06:32:00,227097142,4
1,2008-07-02 06:32:00,85285894,8
1,2008-07-02 06:32:00,849704611,5
1,2008-07-02 06:32:00,167134284,2
1,2008-07-02 06:32:00,262683928,10
1,2008-07-02 06:32:00,285069195,5
1,2008-07-02 06:32:00,810994731,10
1,2008-07-02 06:32:00,522136614,3
2,2008-07-02 17:32:00,678878378,7
2,2008-07-02 17:32:00,134376036,6
2,2008-07-02 17:32:00,859894679,3
2,2008-07-02 17:32:00,549508110,4
2,2008-07-02 17:32:00,123686341,10
2,2008-07-02 17:32:00,108671015,2
2,2008-07-02 17:32:00,878485297,8
2,2008-07-02 17:32:00,680481449,6
3,2008-07-02 22:32:00,83115212,10
3,2008-07-02 22:32:00,466834106,10
3,2008-07-02 22:32:00,202406763,1
3,2008-07-02 22:32:00,93619709,2
3,2008-07-02 22:32:00,375789926,1
3,2008-07-02 22:32:00,764405675,3
3,2008-07-02 22:32:00,962315349,6
3,2008-07-02 22:32:00,230057546,9
3,2008-07-02 22:32:00,15458816,3
3,2008-07-02 22:32:00,49398078,8
3,2008-07-02 22:32:00,672130807,9
3,2008-07-02 22:32:00,493217230,2
3,2008-07-02 22:32:00,313920122,9
3,2008-07-02 22:32:00,260855222,8
3,2008-07-02 22:32:00,221656840,7
3,2008-07-02 22:32:00,459759505,9
3,2008-07-02 22:32:00,474274765,3
3,2008-07-02 22:32:00,901886392,6
3,2008-07-02 22:32:00,863347584,10
3,2008-07-02 22:32:00,746919703,2
3,2008-07-02 22:32:00,785645121,5
3,2008-07-02 22:32:00,903789848,3
3,2008-07-02 22:32:00,719256364,1
3,2008-07-02 22:32:00,717690604,9
3,2008-07-02 22:32:00,818263851,9
3,2008-07-02 22:32:00,504069687,3
3,2008-07-02 22:32:00,926090072,1
3,2008-07-02 22:32:00,94699108,2
1,2008-07-03 22:32:00,835330406,5
1,2008-07-03 22:32:00,32711126,5
1,2008-07-03 22:32:00,876766712,5
1,2008-07-03 22:32:00,699136118,6
1,2008-07-03 22:32:00,676465950,10
1,2008-07-03 22:32:00,441786768,1
1,2008-07-03 22:32:00,321437456,9
1,2008-07-03 22:32:00,750999393,1
1,2008-07-03 22:32:00,426423366,9
1,2008-07-03 22:32:00,618603382,4
1,2008-07-03 22:32:00,293355140,6
1,2008-07-03 22:32:00,404416650,10
1,2008-07-03 22:32:00,558523348,9
1,2008-07-03 22:32:00,19950839,6
1,2008-07-03 22:32:00,886457482,3
1,2008-07-04 08:32:00,554115998,1
1,2008-07-04 08:32:00,598332412,2
1,2008-07-04 08:32:00,372963271,9
2,2008-07-04 16:32:00,774274733,10
2,2008-07-04 16:32:00,465765751,1
2,2008-07-04 16:32:00,596138178,7
2,2008-07-04 16:32:00,92658674,1
2,2008-07-04 16:32:00,400340018,10
2,2008-07-04 16:32:00,315463749,3
2,2008-07-04 16:32:00,709488724,7
2,2008-07-04 16:32:00,604146354,7
2,2008-07-04 16:32:00,569031408,1
2,2008-07-04 16:32:00,973709399,10
2,2008-07-04 16:32:00,425370317,9
2,2008-07-04 16:32:00,352962303,1
2,2008-07-04 16:32:00,144432293,6
2,2008-07-04 16:32:00,61245990,4
2,2008-07-04 16:32:00,835628527,1
2,2008-07-04 16:32:00,320909870,6
2,2008-07-04 16:32:00,712755923,4
2,2008-07-04 16:32:00,123593950,9
2,2008-07-04 16:32:00,339113493,5
2,2008-07-04 16:32:00,271618024,1
2,2008-07-04 16:32:00,410714361,6
2,2008-07-04 16:32:00,322807570,6
2,2008-07-04 16:32:00,699702669,7
2,2008-07-04 16:32:00,152086744,3
2,2008-07-04 16:32:00,328339654,4
2,2008-07-04 16:32:00,205156130,2
2,2008-07-04 16:32:00,896771508,7
2,2008-07-04 16:32:00,680481449,10
2,2008-07-04 16:32:00,523692684,3
2,2008-07-04 16:32:00,150852541,6
1,2008-07-05 00:32:00,595107716,7
1,2008-07-05 00:32:00,992382690,8
1,2008-07-05 00:32:00,214487155,3
1,2008-07-05 00:32:00,880065378,3
1,2008-07-05 00:32:00,453822557,3
1,2008-07-05 00:32:00,217328974,9
1,2008-07-05 00:32:00,966308392,3
1,2008-07-05 00:32:00,489920208,8
1,2008-07-05 00:32:00,593225098,1
1,2008-07-05 00:32:00,905294011,10
1,2008-07-05 00:32:00,929373954,4
1,2008-07-05 00:32:00,928999184,2
1,2008-07-05 00:32:00,827893339,5
1,2008-07-05 00:32:00,973143540,7
1,2008-07-05 00:32:00,920003932,2
1,2008-07-05 00:32:00,40673190,6
1,2008-07-05 00:32:00,958296501,5
1,2008-07-05 00:32:00,700025346,9
1,2008-07-05 00:32:00,500100361,3
1,2008-07-05 00:32:00,621993876,3
1,2008-07-05 00:32:00,443646729,8
1,2008-07-05 00:32:00,928758664,9
1,2008-07-05 00:32:00,339188935,3
1,2008-07-05 00:32:00,16753178,8
1,2008-07-05 00:32:00,265189978,4
1,2008-07-05 00:32:00,876533719,8
1,2008-07-05 00:32:00,69737984,6
1,2008-07-05 00:32:00,266077399,7
1,2008-07-05 00:32:00,710974993,6
1,2008-07-06 00:32:00,914196369,10
1,2008-07-06 00:32:00,513536792,1
1,2008-07-06 00:32:00,685212633,8
1,2008-07-06 00:32:00,222016138,6
1,2008-07-06 00:32:00,321709626,5
1,2008-07-06 00:32:00,863171479,7
1,2008-07-06 00:32:00,465369790,3
1,2008-07-06 00:32:00,442456250,3
1,2008-07-06 00:32:00,232950180,8
1,2008-07-06 00:32:00,105063188,3
1,2008-07-06 00:32:00,911984125,6
1,2008-07-06 00:32:00,582697316,10
2,2008-07-06 13:32:00,54783964,3
2,2008-07-06 13:32:00,672152693,8
2,2008-07-06 13:32:00,374502444,10
2,2008-07-06 13:32:00,812894310,1
2,2008-07-06 13:32:00,933008622,7
2,2008-07-06 13:32:00,23299363,7
2,2008-07-06 13:32:00,29349011,6
2,2008-07-06 13:32:00,354412271,3
2,2008-07-06 13:32:00,68896533,7
2,2008-07-06 13:32:00,629014730,10
2,2008-07-06 13:32:00,995318141,8
2,2008-07-06 13:32:00,915984769,7
2,2008-07-06 13:32:00,893395673,4
2,2008-07-06 13:32:00,658317403,10
2,2008-07-06 13:32:00,889103457,3
1,2008-07-07 13:32:00,125067548,9
1,2008-07-07 13:32:00,188102317,9
1,2008-07-07 13:32:00,332762706,9
1,2008-07-07 13:32:00,70721662,5
1,2008-07-07 13:32:00,356492891,6
1,2008-07-07 13:32:00,827066615,2
1,2008-07-07 13:32:00,366661349,2
2,2008-07-07 17:32:00,887551335,6
2,2008-07-07 17:32:00,491844991,7
2,2008-07-07 17:32:00,796679852,8
2,2008-07-07 17:32:00,249366043,4
2,2008-07-07 17:32:00,120381084,10
2,2008-07-07 17:32:00,538510605,3
2,2008-07-07 17:32:00,416780444,5
2,2008-07-07 17:32:00,61245990,7
2,2008-07-07 17:32:00,633057520,4
2,2008-07-07 17:32:00,53689114,9
2,2008-07-07 17:32:00,104456950,5
2,2008-07-07 17:32:00,444021224,4
2,2008-07-07 17:32:00,160342611,8
2,2008-07-07 17:32:00,857563095,5
2,2008-07-07 17:32:00,885031076,9
2,2008-07-07 17:32:00,190734526,10
2,2008-07-07 17:32:00,280975855,3
2,2008-07-07 17:32:00,326023788,9
2,2008-07-07 17:32:00,356959148,10
2,2008-07-07 17:32:00,816815462,8
2,2008-07-07 17:32:00,690185038,5
2,2008-07-07 17:32:00,116499743,8
2,2008-07-07 17:32:00,984354018,5
2,2008-07-07 17:32:00,473937384,7
2,2008-07-07 17:32:00,817731490,6
2,2008-07-07 17:32:00,228758105,9
1,2008-07-08 04:32:00,366654848,10
1,2008-07-08 04:32:00,412851194,3
1,2008-07-08 04:32:00,488099889,5
1,2008-07-08 04:32:00,931752447,6
1,2008-07-08 04:32:00,681778801,5
1,2008-07-08 04:32:00,738307615,7
1,2008-07-08 04:32:00,702264822,6
1,2008-07-08 04:32:00,844255141,1
1,2008-07-08 04:32:00,171773127,1
1,2008-07-08 04:32:00,968093856,4
1,2008-07-08 04:32:00,97614404,10
1,2008-07-08 04:32:00,404710658,9
1,2008-07-08 04:32:00,671589117,5
1,2008-07-08 04:32:00,613746194,9
1,2008-07-09 04:32:00,970765119,3
1,2008-07-09 04:32:00,941961214,6
1,2008-07-09 04:32:00,830831917,5
1,2008-07-09 04:32:00,953611812,9
1,2008-07-09 04:32:00,60558626,5
1,2008-07-09 04:32:00,456594610,6
1,2008-07-09 04:32:00,751019647,2
1,2008-07-09 04:32:00,949664144,2
1,2008-07-09 04:32:00,430933216,4
1,2008-07-09 04:32:00,737921157,7
1,2008-07-09 04:32:00,466834106,6
1,2008-07-09 04:32:00,483792918,7
1,2008-07-09 04:32:00,433810173,8
1,2008-07-09 04:32:00,995454269,10
1,2008-07-09 04:32:00,748375986,7
1,2008-07-09 04:32:00,749373581,2
1,2008-07-09 04:32:00,354412271,4
2,2008-07-09 17:32:00,248948856,3
2,2008-07-09 17:32:00,584592052,8
2,2008-07-09 17:32:00,965738899,7
2,2008-07-09 17:32:00,684968963,1
2,2008-07-09 17:32:00,70016212,1
2,2008-07-09 17:32:00,293212831,2
2,2008-07-09 17:32:00,158564187,7
2,2008-07-09 17:32:00,103601690,4
2,2008-07-09 17:32:00,693674668,8
2,2008-07-09 17:32:00,264271454,2
2,2008-07-09 17:32:00,239003640,1
2,2008-07-09 17:32:00,51878072,7
2,2008-07-09 17:32:00,929292181,2
2,2008-07-09 17:32:00,103261271,8
2,2008-07-09 17:32:00,936717665,3
2,2008-07-09 17:32:00,540472792,4
2,2008-07-09 17:32:00,32500485,7
2,2008-07-09 17:32:00,5599071,10
2,2008-07-09 17:32:00,578012927,5
2,2008-07-09 17:32:00,39740440,3
2,2008-07-09 17:32:00,137189082,7
2,2008-07-09 17:32:00,176747530,1
2,2008-07-09 17:32:00,606173868,4
2,2008-07-09 17:32:00,931534116,9
1,2008-07-10 01:32:00,686634486,3
1,2008-07-10 01:32:00,929373954,8
1,2008-07-10 01:32:00,11429037,5
1,2008-07-10 01:32:00,220807573,5
1,2008-07-10 01:32:00,798103167,9
1,2008-07-10 01:32:00,320482301,3
1,2008-07-10 01:32:00,209915770,6
1,2008-07-10 01:32:00,258248703,9
1,2008-07-10 01:32:00,650975504,5
1,2008-07-10 01:32:00,884769821,3
1,2008-07-10 01:32:00,240237003,3
1,2008-07-10 01:32:00,523705409,4
1,2008-07-10 01:32:00,49755705,3
1,2008-07-10 01:32:00,195301517,4
1,2008-07-10 01:32:00,161598426,9
1,2008-07-10 01:32:00,700584409,7
1,2008-07-10 01:32:00,911483301,4
1,2008-07-10 01:32:00,829430247,3
1,2008-07-10 01:32:00,4835276,9
1,2008-07-10 01:32:00,85873249,8
1,2008-07-10 01:32:00,653458406,9
1,2008-07-10 01:32:00,223267688,1
1,2008-07-10 01:32:00,861517273,8
1,2008-07-10 01:32:00,6942156,2
1,2008-07-10 01:32:00,120149879,5
1,2008-07-10 01:32:00,740602264,2
1,2008-07-10 01:32:00,357003246,3
2,2008-07-10 15:32:00,39094896,5
2,2008-07-10 15:32:00,60557424,4
2,2008-07-10 15:32:00,125067548,4
2,2008-07-10 15:32:00,903789848,6
2,2008-07-10 15:32:00,776906282,4
2,2008-07-10 15:32:00,664890295,9
2,2008-07-10 15:32:00,99352475,7
2,2008-07-10 15:32:00,432682251,7
2,2008-07-10 15:32:00,795174492,7
2,2008-07-10 15:32:00,95585980,2
2,2008-07-10 15:32:00,768644877,10
2,2008-07-10 15:32:00,978419269,1
2,2008-07-10 15:32:00,514285464,8
2,2008-07-10 15:32:00,964512435,2
2,2008-07-10 15:32:00,270419976,7
2,2008-07-10 15:32:00,339113493,10
2,2008-07-10 15:32:00,950491672,6
2,2008-07-10 15:32:00,332301600,9
2,2008-07-10 15:32:00,418238966,2
2,2008-07-10 15:32:00,744931735,2
2,2008-07-10 15:32:00,78533382,10
2,2008-07-10 15:32:00,550221534,4
2,2008-07-10 15:32:00,210493211,2
3,2008-07-10 21:32:00,995888500,7
3,2008-07-10 21:32:00,746919703,6
3,2008-07-10 21:32:00,284695079,3
3,2008-07-10 21:32:00,346466852,10
3,2008-07-10 21:32:00,176225024,3
3,2008-07-10 21:32:00,65017527,4
3,2008-07-10 21:32:00,702167793,2
3,2008-07-10 21:32:00,289996466,2
3,2008-07-10 21:32:00,546797105,2
3,2008-07-10 21:32:00,613680892,5
3,2008-07-10 21:32:00,763357075,6
3,2008-07-10 21:32:00,313552080,5
3,2008-07-10 21:32:00,390912978,2
3,2008-07-10 21:32:00,470090962,7
3,2008-07-10 21:32:00,781585095,6
3,2008-07-10 21:32:00,652313467,1
3,2008-07-10 21:32:00,994606106,4
3,2008-07-10 21:32:00,809688834,7
3,2008-07-10 21:32:00,241896695,4
3,2008-07-10 21:32:00,151827626,2
3,2008-07-10 21:32:00,361439055,9
3,2008-07-10 21:32:00,37694728,1
3,2008-07-10 21:32:00,246497477,6
1,2008-07-11 02:32:00,640139223,10
1,2008-07-11 02:32:00,585591143,9
1,2008-07-11 02:32:00,367001110,9
1,2008-07-11 02:32:00,870169935,10
1,2008-07-11 02:32:00,787667243,3
1,2008-07-11 02:32:00,843962561,6
1,2008-07-11 02:32:00,806504748,4
1,2008-07-12 02:32:00,169863828,3
1,2008-07-12 02:32:00,799776075,9
1,2008-07-12 02:32:00,950001752,2
1,2008-07-12 02:32:00,430933216,1
1,2008-07-12 02:32:00,59591231,6
1,2008-07-12 02:32:00,397163584,1
1,2008-07-12 02:32:00,891891807,7
1,2008-07-12 02:32:00,152849937,10
1,2008-07-12 02:32:00,799685114,1
1,2008-07-12 02:32:00,301889665,8
1,2008-07-12 02:32:00,233286220,6
1,2008-07-12 02:32:00,57632951,9
1,2008-07-12 02:32:00,502894189,3
1,2008-07-12 02:32:00,748243146,8
1,2008-07-12 02:32:00,959144300,7
1,2008-07-12 02:32:00,527747966,1
1,2008-07-12 02:32:00,730636489,10
1,2008-07-12 02:32:00,166034060,10
1,2008-07-12 02:32:00,894914036,5
1,2008-07-12 02:32:00,990795236,5
1,2008-07-12 02:32:00,994460383,4
1,2008-07-12 02:32:00,407925716,10
1,2008-07-12 02:32:00,970509807,10
1,2008-07-12 02:32:00,282964888,1
1,2008-07-13 02:32:00,639804941,6
1,2008-07-13 02:32:00,694852761,8
1,2008-07-14 02:32:00,273025767,1
1,2008-07-14 02:32:00,195550685,8
1,2008-07-14 02:32:00,931601501,10
1,2008-07-14 02:32:00,984217195,3
1,2008-07-14 02:32:00,344527073,9
1,2008-07-14 02:32:00,746368031,3
1,2008-07-14 02:32:00,29899867,6
1,2008-07-14 02:32:00,179122172,4
1,2008-07-14 02:32:00,658089439,6
1,2008-07-14 02:32:00,37324295,7
1,2008-07-14 02:32:00,696619742,4
1,2008-07-14 02:32:00,780026635,5
1,2008-07-14 02:32:00,944306708,8
1,2008-07-14 02:32:00,224697524,1
1,2008-07-14 02:32:00,102567791,4
1,2008-07-14 02:32:00,367309286,3
1,2008-07-14 02:32:00,37254283,9
1,2008-07-14 02:32:00,115740338,8
1,2008-07-14 02:32:00,421667670,10
1,2008-07-14 02:32:00,576848827,7
1,2008-07-14 02:32:00,453822557,3
1,2008-07-14 02:32:00,537746042,2
1,2008-07-14 02:32:00,578179008,3
1,2008-07-14 02:32:00,18432265,10
1,2008-07-14 02:32:00,779757571,2
1,2008-07-15 02:32:00,889920338,6
1,2008-07-15 02:32:00,23447528,7
1,2008-07-15 02:32:00,964801723,1
1,2008-07-15 02:32:00,107870418,4
1,2008-07-15 02:32:00,533869271,5
1,2008-07-15 02:32:00,90197638,6
1,2008-07-15 02:32:00,175833585,2
1,2008-07-15 02:32:00,228022773,1
1,2008-07-15 02:32:00,424739044,1
1,2008-07-15 02:32:00,701986092,4
1,2008-07-15 02:32:00,53058024,2
1,2008-07-15 02:32:00,446068479,1
1,2008-07-15 02:32:00,62486179,10
1,2008-07-15 02:32:00,347544610,8
1,2008-07-15 02:32:00,973271111,4
1,2008-07-15 02:32:00,863171479,6
1,2008-07-15 02:32:00,246307324,7
1,2008-07-15 02:32:00,830752768,4
1,2008-07-15 02:32:00,50203867,3
1,2008-07-15 02:32:00,162369328,9
1,2008-07-15 02:32:00,383726463,8
1,2008-07-15 02:32:00,962229222,5
1,2008-07-15 02:32:00,634980715,9
1,2008-07-15 02:32:00,92658674,2
1,2008-07-15 02:32:00,950001752,10
1,2008-07-15 02:32:00,42984738,9
1,2008-07-16 02:32:00,98558481,3
1,2008-07-16 02:32:00,719991504,2
1,2008-07-16 02:32:00,33183591,9
1,2008-07-16 02:32:00,134293543,10
1,2008-07-16 02:32:00,65490171,2
1,2008-07-16 02:32:00,893395673,7
1,2008-07-16 02:32:00,188102317,10
1,2008-07-16 02:32:00,206472703,7
2,2008-07-16 12:32:00,174583912,8
2,2008-07-16 12:32:00,594075324,4
2,2008-07-16 12:32:00,8077669,6
2,2008-07-16 12:32:00,672934084,2
2,2008-07-16 12:32:00,907122518,8
2,2008-07-16 12:32:00,183406907,7
2,2008-07-16 12:32:00,474794448,7
2,2008-07-16 12:32:00,424821994,6
2,2008-07-16 12:32:00,597816080,3
3,2008-07-16 14:32:00,429249625,7
3,2008-07-16 14:32:00,788698547,7
3,2008-07-16 14:32:00,2234077,10
3,2008-07-16 14:32:00,306675186,8
3,2008-07-16 14:32:00,351488210,3
3,2008-07-16 14:32:00,133063381,3
3,2008-07-16 14:32:00,170820416,2
3,2008-07-16 14:32:00,318954036,4
3,2008-07-16 14:32:00,822147962,9
3,2008-07-16 14:32:00,26422933,4
1,2008-07-17 14:32:00,797475353,4
1,2008-07-17 14:32:00,227396220,2
1,2008-07-17 14:32:00,212562215,2
1,2008-07-17 14:32:00,123452550,8
1,2008-07-17 14:32:00,250869368,5
1,2008-07-17 14:32:00,378387020,6
1,2008-07-17 14:32:00,27641265,4
1,2008-07-17 14:32:00,211901729,3
1,2008-07-17 14:32:00,368970959,4
1,2008-07-17 14:32:00,195550685,1
1,2008-07-17 14:32:00,654549714,7
1,2008-07-17 14:32:00,815339560,3
1,2008-07-17 14:32:00,452383439,10
1,2008-07-17 14:32:00,695089442,5
1,2008-07-17 14:32:00,133256664,4
1,2008-07-17 14:32:00,446068479,10
1,2008-07-17 14:32:00,609201400,8
1,2008-07-17 14:32:00,387701201,2
1,2008-07-17 14:32:00,315898183,5
1,2008-07-17 14:32:00,76628494,6
1,2008-07-17 14:32:00,763880233,4
1,2008-07-17 14:32:00,503395697,8
2,2008-07-17 15:32:00,670573324,3
2,2008-07-17 15:32:00,65497310,3
2,2008-07-17 15:32:00,999752308,6
2,2008-07-17 15:32:00,987644696,4
2,2008-07-17 15:32:00,869030332,2
2,2008-07-17 15:32:00,523485176,3
2,2008-07-17 15:32:00,397357666,2
2,2008-07-17 15:32:00,424739044,3
2,2008-07-17 15:32:00,208390261,9
2,2008-07-17 15:32:00,735532297,7
2,2008-07-17 15:32:00,184782536,3
2,2008-07-17 15:32:00,500921612,8
2,2008-07-17 15:32:00,789269211,6
2,2008-07-17 15:32:00,50168695,3
2,2008-07-17 15:32:00,567400448,8
2,2008-07-17 15:32:00,682718420,4
2,2008-07-17 15:32:00,959144300,10
2,2008-07-17 15:32:00,202236453,10
2,2008-07-17 15:32:00,143422832,8
2,2008-07-17 15:32:00,561043437,5
2,2008-07-17 15:32:00,244349092,6
2,2008-07-17 15:32:00,367673889,10
2,2008-07-17 15:32:00,250149134,7
2,2008-07-17 15:32:00,605574123,5
1,2008-07-18 15:32:00,267567372,7
1,2008-07-18 15:32:00,845946158,3
1,2008-07-18 15:32:00,170820416,5
1,2008-07-18 15:32:00,814497287,6
1,2008-07-18 15:32:00,435952421,7
1,2008-07-18 15:32:00,738686910,5
1,2008-07-18 15:32:00,183844287,9
2,2008-07-18 18:32:00,6197172,9
2,2008-07-18 18:32:00,309259387,7
2,2008-07-18 18:32:00,966276917,7
2,2008-07-18 18:32:00,963956414,1
2,2008-07-18 18:32:00,321304291,9
2,2008-07-18 18:32:00,889940384,4
2,2008-07-18 18:32:00,776218822,2
2,2008-07-18 18:32:00,956703657,6
2,2008-07-18 18:32:00,942788429,9
2,2008-07-18 18:32:00,789195563,1
2,2008-07-18 18:32:00,55143536,7
2,2008-07-18 18:32:00,523705409,9
2,2008-07-18 18:32:00,839023604,8
2,2008-07-18 18:32:00,596430557,9
2,2008-07-18 18:32:00,494337681,8
2,2008-07-18 18:32:00,124030133,7
2,2008-07-18 18:32:00,170258054,10
2,2008-07-18 18:32:00,203089908,5
1,2008-07-19 01:32:00,23744695,6
1,2008-07-19 01:32:00,870169935,2
1,2008-07-19 01:32:00,446851069,7
1,2008-07-19 01:32:00,775493174,4
1,2008-07-19 01:32:00,837159180,7
1,2008-07-19 01:32:00,292782841,9
1,2008-07-19 01:32:00,735000810,5
1,2008-07-19 01:32:00,514593011,1
1,2008-07-19 01:32:00,405864699,6
1,2008-07-19 01:32:00,525449658,6
1,2008-07-19 01:32:00,580471388,6
1,2008-07-19 01:32:00,39926757,5
1,2008-07-19 01:32:00,529093926,4
1,2008-07-19 01:32:00,10024298,4
1,2008-07-20 01:32:00,612701734,6
1,2008-07-20 01:32:00,325890961,5
1,2008-07-20 01:32:00,578361005,7
1,2008-07-20 01:32:00,235789747,7
1,2008-07-20 01:32:00,738307615,3
1,2008-07-20 01:32:00,558207474,9
1,2008-07-20 01:32:00,609379727,8
1,2008-07-20 01:32:00,326214672,2
1,2008-07-20 01:32:00,75425471,2
1,2008-07-20 01:32:00,723711855,1
1,2008-07-20 01:32:00,544556465,5
1,2008-07-20 01:32:00,914355740,8
1,2008-07-20 01:32:00,94709183,2
1,2008-07-20 01:32:00,118029734,2
1,2008-07-20 01:32:00,502473277,9
1,2008-07-20 01:32:00,33937587,7
1,2008-07-20 01:32:00,102638167,1
1,2008-07-20 01:32:00,633293687,1
1,2008-07-20 01:32:00,505336919,5
1,2008-07-20 01:32:00,157497136,2
1,2008-07-20 01:32:00,25113618,3
1,2008-07-20 01:32:00,16330526,10
1,2008-07-20 01:32:00,446696650,4
2,2008-07-20 05:32:00,35434949,1
2,2008-07-20 05:32:00,295078311,3
2,2008-07-20 05:32:00,964254523,1
2,2008-07-20 05:32:00,745297316,1
2,2008-07-20 05:32:00,178231613,2
2,2008-07-20 05:32:00,285872972,1
2,2008-07-20 05:32:00,602523159,2
1,2008-07-21 05:32:00,157545098,9
1,2008-07-21 05:32:00,223607155,4
1,2008-07-21 05:32:00,993895194,8
1,2008-07-21 05:32:00,291255296,9
1,2008-07-21 05:32:00,13318643,7
1,2008-07-21 05:32:00,4876275,8
1,2008-07-21 05:32:00,412918080,8
1,2008-07-21 05:32:00,549577524,9
1,2008-07-21 05:32:00,39094896,7
1,2008-07-21 05:32:00,50768956,5
1,2008-07-21 05:32:00,487981073,8
1,2008-07-21 05:32:00,370268677,6
1,2008-07-21 05:32:00,42984738,2
1,2008-07-21 05:32:00,197239774,2
1,2008-07-21 05:32:00,749373581,8
1,2008-07-21 05:32:00,473470848,3
1,2008-07-21 05:32:00,841778415,10
1,2008-07-21 05:32:00,47924252,2
1,2008-07-21 05:32:00,280651345,3
1,2008-07-21 05:32:00,342370333,2
1,2008-07-21 05:32:00,696273025,9
2,2008-07-21 13:32:00,453290621,7
2,2008-07-21 13:32:00,904519647,7
2,2008-07-21 13:32:00,995126147,6
2,2008-07-21 13:32:00,354006082,3
2,2008-07-21 13:32:00,9392302,10
2,2008-07-21 13:32:00,900228195,1
2,2008-07-21 13:32:00,974457543,4
2,2008-07-21 13:32:00,205488646,9
3,2008-07-21 13:32:00,683079043,9
3,2008-07-21 13:32:00,868143724,1
3,2008-07-21 13:32:00,962321141,2
3,2008-07-21 13:32:00,243001177,6
4,2008-07-21 22:32:00,974503501,9
4,2008-07-21 22:32:00,144500260,6
4,2008-07-21 22:32:00,949212258,10
4,2008-07-21 22:32:00,986799967,3
4,2008-07-21 22:32:00,964950665,10
4,2008-07-21 22:32:00,610524543,3
4,2008-07-21 22:32:00,757910619,2
4,2008-07-21 22:32:00,381607148,8
4,2008-07-21 22:32:00,573967995,10
4,2008-07-21 22:32:00,229056999,2
4,2008-07-21 22:32:00,89644329,4
4,2008-07-21 22:32:00,756108283,4
4,2008-07-21 22:32:00,997063784,6
4,2008-07-21 22:32:00,802777457,9
4,2008-07-21 22:32:00,946179487,5
4,2008-07-21 22:32:00,261863802,2
4,2008-07-21 22:32:00,820584131,10
4,2008-07-21 22:32:00,579372153,7
1,2008-07-22 22:32:00,591558695,3
1,2008-07-22 22:32:00,160668619,6
1,2008-07-22 22:32:00,969669055,4
1,2008-07-22 22:32:00,46055582,4
1,2008-07-22 22:32:00,147396071,10
1,2008-07-22 22:32:00,492977413,3
1,2008-07-22 22:32:00,513769473,9
1,2008-07-22 22:32:00,32958389,10
1,2008-07-22 22:32:00,365530220,3
1,2008-07-22 22:32:00,481331249,4
1,2008-07-22 22:32:00,579748001,9
1,2008-07-22 22:32:00,279314855,1
1,2008-07-22 22:32:00,731400640,8
1,2008-07-22 22:32:00,752943953,2
1,2008-07-22 22:32:00,914163266,10
1,2008-07-22 22:32:00,164613937,5
1,2008-07-23 22:32:00,549353465,6
1,2008-07-23 22:32:00,995573321,1
1,2008-07-23 22:32:00,441044302,9
1,2008-07-23 22:32:00,379225071,5
1,2008-07-23 22:32:00,251459063,1
1,2008-07-23 22:32:00,210996180,9
1,2008-07-23 22:32:00,767786007,9
1,2008-07-23 22:32:00,345481800,9
1,2008-07-23 22:32:00,525670477,9
1,2008-07-23 22:32:00,147396071,9
1,2008-07-23 22:32:00,532134597,8
1,2008-07-24 22:32:00,547966801,5
1,2008-07-24 22:32:00,723794373,10
1,2008-07-24 22:32:00,513018905,8
1,2008-07-24 22:32:00,108466999,3
1,2008-07-24 22:32:00,437205695,10
1,2008-07-24 22:32:00,483083247,2
1,2008-07-24 22:32:00,394685618,3
1,2008-07-24 22:32:00,398105431,4
1,2008-07-25 22:32:00,516076174,3
1,2008-07-25 22:32:00,219711929,5
1,2008-07-25 22:32:00,584903497,3
1,2008-07-25 22:32:00,583429841,4
1,2008-07-25 22:32:00,890269064,5
1,2008-07-25 22:32:00,174415695,9
1,2008-07-25 22:32:00,906571015,8
1,2008-07-25 22:32:00,932440306,2
1,2008-07-25 22:32:00,360112662,2
1,2008-07-26 04:32:00,95002189,3
1,2008-07-26 04:32:00,447171406,1
1,2008-07-26 04:32:00,223677328,5
1,2008-07-26 04:32:00,893790115,4
1,2008-07-26 04:32:00,230004741,3
1,2008-07-26 04:32:00,175683823,10
1,2008-07-26 04:32:00,372963271,10
1,2008-07-26 04:32:00,216708704,9
1,2008-07-26 04:32:00,155672558,1
1,2008-07-26 04:32:00,26007647,1
1,2008-07-26 04:32:00,339950702,5
1,2008-07-26 04:32:00,983654186,1
1,2008-07-26 04:32:00,147005453,4
1,2008-07-26 04:32:00,351488210,6
1,2008-07-26 04:32:00,721076853,1
1,2008-07-26 04:32:00,460680794,3
1,2008-07-26 04:32:00,733956300,6
1,2008-07-26 04:32:00,225036152,8
1,2008-07-26 04:32:00,642630326,4
1,2008-07-26 04:32:00,799776075,10
1,2008-07-26 04:32:00,47681416,10
1,2008-07-26 04:32:00,186252967,3
1,2008-07-26 04:32:00,158578145,8
1,2008-07-26 04:32:00,400447848,9
1,2008-07-26 04:32:00,464265678,5
1,2008-07-26 04:32:00,222879869,1
1,2008-07-26 04:32:00,511946472,8
2,2008-07-26 11:32:00,599955221,9
2,2008-07-26 11:32:00,498083968,1
2,2008-07-26 11:32:00,349150252,5
2,2008-07-26 11:32:00,649031429,2
2,2008-07-26 11:32:00,258255407,5
2,2008-07-26 11:32:00,33627014,2
2,2008-07-26 11:32:00,848584982,3
2,2008-07-26 11:32:00,676037741,8
2,2008-07-26 11:32:00,431529074,5
2,2008-07-26 11:32:00,392710056,1
2,2008-07-26 11:32:00,949253590,9
2,2008-07-26 11:32:00,436354983,10
2,2008-07-26 11:32:00,300133654,6
2,2008-07-26 11:32:00,649067064,1
2,2008-07-26 11:32:00,101322730,1
2,2008-07-26 11:32:00,994987622,10
2,2008-07-26 11:32:00,162685217,8
2,2008-07-26 11:32:00,995399589,6
2,2008-07-26 11:32:00,656246014,9
2,2008-07-26 11:32:00,76856397,10
2,2008-07-26 11:32:00,93298798,1
2,2008-07-26 11:32:00,509790863,1
2,2008-07-26 11:32:00,659625070,9
2,2008-07-26 11:32:00,766300726,1
2,2008-07-26 11:32:00,827273120,9
2,2008-07-26 11:32:00,981018912,4
2,2008-07-26 11:32:00,904453912,10
2,2008-07-26 11:32:00,908380476,8
2,2008-07-26 11:32:00,954590541,8
3,2008-07-26 19:32:00,484218373,5
3,2008-07-26 19:32:00,438828580,2
3,2008-07-26 19:32:00,937418635,4
3,2008-07-26 19:32:00,659573128,1
3,2008-07-26 19:32:00,600453996,6
3,2008-07-26 19:32:00,731912920,3
3,2008-07-26 19:32:00,962407172,7
3,2008-07-26 19:32:00,874819335,9
3,2008-07-26 19:32:00,731793273,7
3,2008-07-26 19:32:00,520282051,5
3,2008-07-26 19:32:00,839971187,1
3,2008-07-26 19:32:00,307367419,3
3,2008-07-26 19:32:00,750583724,4
3,2008-07-26 19:32:00,336360030,3
3,2008-07-26 19:32:00,40977228,6
3,2008-07-26 19:32:00,347371784,8
3,2008-07-26 19:32:00,526238788,4
3,2008-07-26 19:32:00,429584513,2
3,2008-07-26 19:32:00,827267251,6
3,2008-07-26 19:32:00,706866551,2
3,2008-07-26 19:32:00,407076209,10
3,2008-07-26 19:32:00,816815462,6
1,2008-07-27 19:32:00,250895251,4
1,2008-07-27 19:32:00,832136179,6
1,2008-07-27 19:32:00,406421246,5
1,2008-07-27 19:32:00,675416032,8
1,2008-07-27 19:32:00,9506056,9
1,2008-07-27 19:32:00,410697805,9
1,2008-07-27 19:32:00,374102736,8
1,2008-07-28 19:32:00,505808891,3
1,2008-07-28 19:32:00,666164952,5
1,2008-07-28 19:32:00,82670462,5
1,2008-07-28 19:32:00,345481800,10
1,2008-07-28 19:32:00,928240874,7
1,2008-07-28 19:32:00,950001752,1
1,2008-07-28 19:32:00,808435658,9
1,2008-07-28 19:32:00,646937068,3
1,2008-07-28 19:32:00,357246688,5
1,2008-07-28 19:32:00,830831917,8
1,2008-07-28 19:32:00,817855000,5
1,2008-07-28 19:32:00,167011112,3
1,2008-07-28 19:32:00,625336995,8
1,2008-07-28 19:32:00,990566324,4
1,2008-07-28 19:32:00,272556473,8
1,2008-07-28 19:32:00,265010873,4
1,2008-07-28 19:32:00,654229269,9
1,2008-07-29 19:32:00,104627747,6
1,2008-07-29 19:32:00,799631239,3
1,2008-07-29 19:32:00,826952837,7
1,2008-07-29 19:32:00,767571041,4
1,2008-07-29 19:32:00,302341218,4
1,2008-07-29 19:32:00,185071485,9
1,2008-07-29 19:32:00,722660458,9
1,2008-07-29 19:32:00,486668119,4
1,2008-07-29 19:32:00,792362384,10
1,2008-07-29 19:32:00,730081323,2
1,2008-07-30 19:32:00,771118924,1
1,2008-07-30 19:32:00,909623884,9
1,2008-07-30 19:32:00,831982206,4
1,2008-07-30 19:32:00,463057516,2
1,2008-07-30 19:32:00,901945001,8
1,2008-07-30 19:32:00,675738618,4
1,2008-07-30 19:32:00,78909542,9
1,2008-07-30 19:32:00,368997831,9
1,2008-07-30 19:32:00,809652021,8
1,2008-07-30 19:32:00,401049839,5
1,2008-07-30 19:32:00,622538817,4
1,2008-07-30 19:32:00,211367477,9
1,2008-07-30 19:32:00,84862491,9
1,2008-07-30 19:32:00,311356246,1
1,2008-07-30 19:32:00,178848169,6
1,2008-07-30 19:32:00,721332716,6
1,2008-07-30 19:32:00,483166599,7
1,2008-07-30 19:32:00,146429128,7
1,2008-07-30 19:32:00,439249759,1
1,2008-07-30 19:32:00,297428937,4
1,2008-07-31 19:32:00,950879473,3
1,2008-07-31 19:32:00,44495893,7
1,2008-07-31 19:32:00,405107771,3
1,2008-07-31 19:32:00,248188750,9
1,2008-07-31 19:32:00,311434151,2
1,2008-07-31 19:32:00,436819208,7
1,2008-07-31 19:32:00,920325702,6
1,2008-07-31 19:32:00,988335916,10
1,2008-08-01 19:32:00,898323366,2
1,2008-08-01 19:32:00,321045050,6
1,2008-08-01 19:32:00,505539912,5
1,2008-08-01 19:32:00,713106181,2
1,2008-08-01 19:32:00,318304234,2
1,2008-08-01 19:32:00,665364794,3
1,2008-08-01 19:32:00,47095809,7
1,2008-08-01 19:32:00,189445724,1
1,2008-08-01 19:32:00,968560145,10
1,2008-08-01 19:32:00,249343477,4
1,2008-08-01 19:32:00,150221185,8
1,2008-08-01 19:32:00,199636276,2
1,2008-08-01 19:32:00,25724968,5
1,2008-08-01 19:32:00,471852406,7
1,2008-08-01 19:32:00,648319993,7
1,2008-08-01 19:32:00,160342611,6
1,2008-08-01 19:32:00,464052973,5
1,2008-08-01 19:32:00,863005302,10
1,2008-08-01 19:32:00,610691053,1
1,2008-08-01 19:32:00,301014833,1
1,2008-08-01 19:32:00,357837270,10
1,2008-08-01 19:32:00,183140933,7
1,2008-08-01 19:32:00,529093926,6
1,2008-08-01 19:32:00,528906440,5
1,2008-08-01 19:32:00,681749096,1
1,2008-08-01 19:32:00,273895381,1
1,2008-08-01 19:32:00,934358768,7
1,2008-08-02 19:32:00,252225911,8
1,2008-08-02 19:32:00,881209652,4
1,2008-08-02 19:32:00,428247636,9
1,2008-08-02 19:32:00,828072482,3
1,2008-08-02 19:32:00,249343477,2
1,2008-08-02 19:32:00,727071868,7
1,2008-08-02 19:32:00,887914277,8
1,2008-08-02 19:32:00,161100729,4
1,2008-08-02 19:32:00,39740440,2
1,2008-08-02 19:32:00,55402976,1
1,2008-08-02 19:32:00,777365490,2
1,2008-08-02 19:32:00,527038423,9
1,2008-08-02 19:32:00,403975550,10
1,2008-08-02 19:32:00,582601488,2
1,2008-08-02 19:32:00,326895818,6
1,2008-08-02 19:32:00,421117229,10
1,2008-08-03 03:32:00,211734859,2
1,2008-08-03 03:32:00,719041094,10
1,2008-08-03 03:32:00,976187228,6
1,2008-08-03 03:32:00,235838126,3
1,2008-08-03 03:32:00,471963742,7
1,2008-08-03 03:32:00,396540452,5
1,2008-08-03 03:32:00,119026186,7
1,2008-08-03 03:32:00,264199502,10
1,2008-08-03 03:32:00,974708329,8
1,2008-08-03 03:32:00,9873919,3
1,2008-08-03 03:32:00,88968549,6
1,2008-08-03 03:32:00,385564805,4
1,2008-08-03 03:32:00,470371773,1
1,2008-08-03 03:32:00,196520453,8
2,2008-08-03 17:32:00,374094388,8
2,2008-08-03 17:32:00,539426122,1
2,2008-08-03 17:32:00,959403920,2
2,2008-08-03 17:32:00,675331988,3
2,2008-08-03 17:32:00,166675699,9
2,2008-08-03 17:32:00,2249969,8
2,2008-08-03 17:32:00,124497222,2
2,2008-08-03 17:32:00,320569211,6
2,2008-08-03 17:32:00,819449961,9
2,2008-08-03 17:32:00,436903601,10
2,2008-08-03 17:32:00,773310560,8
2,2008-08-03 17:32:00,639099623,2
3,2008-08-03 18:32:00,464584099,2
3,2008-08-03 18:32:00,994739773,1
3,2008-08-03 18:32:00,57746708,4
3,2008-08-03 18:32:00,21833226,3
3,2008-08-03 18:32:00,932156617,9
3,2008-08-03 18:32:00,10228692,4
3,2008-08-03 18:32:00,697483270,6
3,2008-08-03 18:32:00,283301314,9
3,2008-08-03 18:32:00,687099470,6
3,2008-08-03 18:32:00,78533382,8
3,2008-08-03 18:32:00,450378386,5
3,2008-08-03 18:32:00,306099981,7
3,2008-08-03 18:32:00,687326036,1
3,2008-08-03 18:32:00,965738899,2
3,2008-08-03 18:32:00,188685130,4
3,2008-08-03 18:32:00,160277323,8
3,2008-08-03 18:32:00,637864770,9
3,2008-08-03 18:32:00,902124377,3
3,2008-08-03 18:32:00,498822424,7
3,2008-08-03 18:32:00,78050788,1
3,2008-08-03 18:32:00,517082322,10
3,2008-08-03 18:32:00,78872160,4
3,2008-08-03 18:32:00,100254745,8
3,2008-08-03 18:32:00,767289330,5
3,2008-08-03 18:32:00,19836036,8
3,2008-08-03 18:32:00,531889290,4
3,2008-08-03 18:32:00,620641847,8
3,2008-08-03 18:32:00,937357552,5
3,2008-08-03 18:32:00,764337958,7
3,2008-08-03 18:32:00,912175405,10
1,2008-08-04 18:32:00,375140510,4
1,2008-08-04 18:32:00,882501380,4
1,2008-08-04 18:32:00,150966182,3
1,2008-08-04 18:32:00,387647377,9
1,2008-08-04 18:32:00,521212791,3
1,2008-08-04 18:32:00,810762176,4
1,2008-08-04 18:32:00,353102072,2
1,2008-08-04 18:32:00,197995429,7
1,2008-08-04 18:32:00,936719478,8
1,2008-08-04 18:32:00,900123013,6
1,2008-08-04 18:32:00,94016971,9
1,2008-08-04 18:32:00,613591789,4
1,2008-08-04 18:32:00,862364838,4
1,2008-08-04 18:32:00,558830329,2
1,2008-08-04 18:32:00,749862483,1
1,2008-08-04 18:32:00,515087244,7
1,2008-08-04 18:32:00,204635548,1
1,2008-08-04 18:32:00,741889251,6
1,2008-08-04 18:32:00,617878821,10
1,2008-08-04 18:32:00,742509836,9
1,2008-08-04 18:32:00,359005832,9
1,2008-08-04 18:32:00,641134264,3
1,2008-08-04 18:32:00,754143833,3
1,2008-08-04 18:32:00,691781848,9
1,2008-08-04 18:32:00,943078040,1
1,2008-08-04 18:32:00,242159075,9
1,2008-08-04 18:32:00,305217235,9
1,2008-08-04 18:32:00,611703378,8
1,2008-08-04 18:32:00,412851194,10
1,2008-08-04 18:32:00,389556830,2
1,2008-08-05 18:32:00,633817437,1
1,2008-08-05 18:32:00,197728340,5
1,2008-08-05 18:32:00,799017877,4
1,2008-08-05 18:32:00,809520761,10
1,2008-08-05 18:32:00,707005710,7
1,2008-08-05 18:32:00,35071408,5
1,2008-08-05 18:32:00,155264894,6
1,2008-08-05 18:32:00,720159286,4
1,2008-08-05 18:32:00,973764716,6
1,2008-08-05 18:32:00,599113489,9
1,2008-08-05 18:32:00,159333260,5
1,2008-08-05 18:32:00,189151744,1
1,2008-08-05 18:32:00,308456714,2
1,2008-08-05 18:32:00,776721407,8
1,2008-08-05 18:32:00,857174264,8
1,2008-08-05 18:32:00,413103360,1
1,2008-08-05 18:32:00,952419912,7
1,2008-08-05 18:32:00,110498465,8
1,2008-08-05 18:32:00,225287307,10
1,2008-08-05 18:32:00,464584099,7
1,2008-08-05 18:32:00,679794776,8
1,2008-08-05 18:32:00,218839633,4
1,2008-08-05 18:32:00,269845541,3
1,2008-08-05 18:32:00,444494634,9
1,2008-08-05 18:32:00,479905969,1
1,2008-08-05 18:32:00,976209151,4
1,2008-08-05 18:32:00,323704124,5
1,2008-08-05 18:32:00,569225080,7
1,2008-08-06 18:32:00,19320314,2
1,2008-08-06 18:32:00,884502369,8
1,2008-08-06 18:32:00,921752979,9
1,2008-08-06 18:32:00,143428484,2
1,2008-08-06 18:32:00,421385677,5
1,2008-08-06 18:32:00,662731778,8
1,2008-08-06 18:32:00,109087246,7
1,2008-08-06 18:32:00,378664840,5
1,2008-08-06 18:32:00,881411854,4
1,2008-08-06 18:32:00,447462809,4
1,2008-08-06 18:32:00,825946654,4
1,2008-08-06 18:32:00,166849628,4
1,2008-08-06 18:32:00,796679852,2
1,2008-08-06 18:32:00,197216297,6
1,2008-08-07 05:32:00,258269543,8
1,2008-08-07 05:32:00,438812535,3
1,2008-08-07 05:32:00,768644877,4
1,2008-08-07 05:32:00,246613523,6
1,2008-08-07 05:32:00,884502369,2
1,2008-08-07 05:32:00,50168695,8
1,2008-08-07 05:32:00,937585809,1
1,2008-08-07 05:32:00,803508934,4
1,2008-08-07 05:32:00,861148024,7
1,2008-08-07 05:32:00,727783200,4
2,2008-08-07 19:32:00,548239836,4
2,2008-08-07 19:32:00,526335036,10
2,2008-08-07 19:32:00,19019424,8
2,2008-08-07 19:32:00,28487712,7
2,2008-08-07 19:32:00,943013564,6
2,2008-08-07 19:32:00,39640006,7
2,2008-08-07 19:32:00,498083968,4
2,2008-08-07 19:32:00,217321216,10
2,2008-08-07 19:32:00,473955700,5
2,2008-08-07 19:32:00,688193237,10
2,2008-08-07 19:32:00,772963105,4
2,2008-08-07 19:32:00,325672382,10
2,2008-08-07 19:32:00,772725237,7
2,2008-08-07 19:32:00,892979396,4
1,2008-08-08 19:32:00,441204887,6
1,2008-08-08 19:32:00,601317718,2
1,2008-08-08 19:32:00,325153950,6
1,2008-08-08 19:32:00,177018387,1
1,2008-08-08 19:32:00,455528849,3
1,2008-08-08 19:32:00,460948369,8
1,2008-08-08 19:32:00,703619989,8
1,2008-08-08 19:32:00,117006938,5
1,2008-08-08 19:32:00,91788061,8
1,2008-08-08 19:32:00,110364397,4
1,2008-08-08 19:32:00,852734264,6
1,2008-08-08 19:32:00,763943281,10
1,2008-08-08 19:32:00,696298388,8
1,2008-08-08 19:32:00,847456186,5
1,2008-08-08 19:32:00,967963783,5
1,2008-08-08 19:32:00,249427581,5
1,2008-08-08 19:32:00,447792766,6
1,2008-08-08 19:32:00,112147229,2
1,2008-08-08 19:32:00,359422679,8
1,2008-08-08 19:32:00,843475861,7
1,2008-08-08 19:32:00,475825299,10
1,2008-08-08 19:32:00,480963046,5
1,2008-08-08 19:32:00,384533166,8
1,2008-08-08 19:32:00,514127790,3
1,2008-08-08 19:32:00,446350930,6
1,2008-08-08 19:32:00,583429841,4
1,2008-08-08 19:32:00,369029871,2
1,2008-08-09 02:32:00,103601690,5
1,2008-08-09 02:32:00,155517318,4
1,2008-08-09 02:32:00,513891210,9
1,2008-08-09 02:32:00,218222780,4
1,2008-08-09 02:32:00,989530734,4
1,2008-08-09 02:32:00,339950702,6
1,2008-08-10 02:32:00,910167041,10
1,2008-08-10 02:32:00,355538167,3
1,2008-08-10 02:32:00,640927398,6
1,2008-08-11 02:32:00,235838126,10
1,2008-08-11 02:32:00,987469563,2
1,2008-08-11 02:32:00,508663411,4
1,2008-08-11 02:32:00,758209303,6
1,2008-08-11 02:32:00,74089386,7
1,2008-08-11 02:32:00,502612641,8
1,2008-08-11 02:32:00,97683849,5
1,2008-08-11 02:32:00,269758242,3
1,2008-08-11 02:32:00,363356,6
1,2008-08-11 02:32:00,841902448,4
1,2008-08-11 02:32:00,813162801,1
1,2008-08-11 02:32:00,399186773,4
